user;waktu;ulasan;sentimen
machalul ardianto;1 hari lalu;Air terjun yang bagus. Tiket masuk murah sekitar 5 ribu per orang. Air terjunnya jernih, dan langsung berseberangan dengan laut.;Positif
Alden Eginata (ananda alden);10 bulan lalu;"Tempatnya bagus selain air terjun ,diatasnya jg ada rest area.
parkir 5rb+masuk 5rb (hari biasa)";Positif
Mohammad Hasan;10 bulan lalu;Bagus;Positif
Saiful jabejo;10 bulan lalu;Mantap;Netral
izdiharuddin muhammad;11 bulan lalu;Pemandangan yg indah, adem pula suasanyanya meskipun pinggir laut. Cuman air terjunya hanya ada ketika musim hujan;Positif
Novakusuma Bangsa;11 bulan lalu;tempat wisata yg keren dan recomended bgt buat dikunjungi, apalagi kuliner dan es degannya yg bner2 bisa buat kita move on dari mantan?? …;Positif
frank rush;11 bulan lalu;Ada restorannya, harga murah, rasa pas aja poin 7. Hati2 ke lokasi air terjunnya, jalan agak licin dusim hujan.;Positif
Zain Mughozin;11 bulan lalu;Karena habis hujan jadi airnya keruh;Netral
Deddy Uno;11 bulan lalu;Terpantau masih seperti dulu ?? …;Netral
Silatur Rochman;11 bulan lalu;Pemandangan eksotis pinggir laut;Netral
Mofir;11 bulan lalu;Oke;Netral
Citra;2 bulan lalu;Indah sekali.. Tempatnya bersih dan sudah dikelola dengan baik. Kesini sewaktu musim kemarau, aliran air terjunnya cukup deras dan benar2 berwarna tosca ??. Ada cafe ATT yang menyediakan berbagai menu masakan dengan view pantai yang indah, …;Positif
ASTRI RINO OKVITASARI;2 bulan lalu;Bagussss banget... lokasi nya dari sampang kota sekitar 1.5 jam di tempuh dg mobil. Tiket masuk cuma 5rb/org. Parkir mobil 5rb. Deket sama tempat makan view nya juga bagus. Makanan nya juga enak. Rekomendasi ikan bakar, sama ikan bumbu 3 …;Positif
shofia_ annura;2 bulan lalu;untuk view air terjunnya bagus sekalii;Positif
anaid run;2 bulan lalu;View nya bagus sekali apalagi pas sowrey² ???? …;Positif
agus suwandi;2 bulan lalu;Spot lokasi wisata yang wajib kita kunjung ketika berkunjung ke pulau Madura;Netral
Karanganyar Bangkit;2 bulan lalu;Desa Karang Anyar  Bangkit;Netral
tri haryadi;2 tahun lalu;2/6/21. Pemandangan di sini bagus karena memadukan air terjun dan laut. Harga tiket masuknya murah, 5k/orang. Tapi perawatan dan pengembangannya kurang. Banyak sampah. Harga parkir juga agak mahal untuk ukuran wisata yang hanya satu obyek, 5k/motor R2. Kalau ada yang mau ditanya, silakan. Jangan lupa like juga.;Positif
Adi Purna;2 tahun lalu;"07 november 2020
Unik jg air terjun di pinggir laut
Saran saya kalau ingin lihat airnya bagus jernih berkunjung kesini pas musim …";Positif
Nurdin Rizqiansyah;2 tahun lalu;"Wisata air terjun toroan...
Airnya sungai langsung terjun ke laut...
Tempatnya terawat dan bagus dilihatnya... …";Positif
Maria Farida;2 tahun lalu;Air terjun yang indah dan langsung jatuh di tepi pantai utara Pulau Madura;Positif
Istiana Anggraeny;2 tahun lalu;Viewnya bagus, tempatnya jg nyaman buat family time. Makanannya jg enaak;Positif
Hitchhiker Nusantara;2 tahun lalu;Tempatnya bagus gaes y, apalagi klo lgi bukan musim penghujan,,, klo lgi musim hujan airnya coklat gk bening gaesss...;Positif
riva nq;2 tahun lalu;Bagusss sekali... tapi tetap hal yang perlu di perbaiki adalah sampah.. mari kurangi penggunaan plastik. Thanks;Positif
Nur Hayati;2 tahun lalu;Tempat santai bersama  kelurga dan kerabat. Dengan nuasa alam yang sangat indah dipandang..;Positif
Kurniadi Wijaya;2 tahun lalu;"Tempat Yang Indah....??????
Tapi Kebersihan Sedikit Perlu/Kurang Terjaga...?????? …";Positif
Edi Lung;2 tahun lalu;Pastikan klo mo kesini pas air lgi pasang, lebih keren.;Positif
Nurul Azizah;2 tahun lalu;tempatnya bagus...cocok untuk wisata keluarga;Positif
Achmad Sudahri;2 tahun lalu;Sangat indah, dan cocok banget bagi para wisatawan yang ingin memanjakan mata untuk melihat pemandangan yang sangat indah, karena air terjunnya beda bukan di pegunungan tapi di tepi pantai.;Positif
Rizal Sarluf;2 tahun lalu;Bagus viewnya, hanya saja tulisan Toroan nya yg dibuat terlalu dekat dengan air terjun, untuj fotografer yg ingin capture air terjun jadi terganggu dengan icon tulisan itu, toilet tersedia;Positif
Eri Ns;2 tahun lalu;Emang tak s alami n sbagus yg dulu tp ttp eksotik n nyaman buat bersantai..tiket masuk 5 rb k lokasi air terjun...;Positif
Jessica Aalya;2 tahun lalu;Mungkin saya datang di waktu yang salah, karena waktu kesana tempatnya tidak sebagus ekspektasi saya. Juga disana tidak disarankan untuk bermain air, sehingga hanya sekedar objek foto saja;Positif
Rachmat Nursutji;2 tahun lalu;Air terjun toroan adalan wisata alam Madura yg sangat bagus, namun masih sangat memerlukan sentuhan tangan pofesional dan investor utk pengembangannya yg lebih bagus lagi.;Positif
Yulis Juwaidi;2 tahun lalu;Bagus buat selfi alami dgn latar airterjun yg keren. Jangan berenang krn dalam sekali;Positif
Putut Sugiharto;2 tahun lalu;"View nya indah menawan ...
Sayang kurang perawatan .....
Berharap kedepannya air terjun Toroan ini dirawat dengan baik,oleh pemkab maupun  swasta asli daerah.";Positif
Kang Dyne;2 tahun lalu;Bagus viewnya, sayang sedikit kebersihan air dan pantainya kurang terjaga.;Positif
Echa Ayesha;2 tahun lalu;Harusnya bisa lebih bagus & menarik sayangnya banyak sampah di pantai & air terjunnya;Positif
Muhyi S;2 tahun lalu;Panoramanya bagus,  perlu kreativitas utk penambahan area di pantai dan penambahan fasilitas;Positif
arif wahyuono;2 tahun lalu;Bagus banget buat spot foto instagram. Obyeknya bagus & unik;Positif
Rara Pratiwi;2 tahun lalu;Bagus langsung menjorok ke lautan;Positif
Nikmatul Izza;2 tahun lalu;Cukup bagus, bisa untuk tempat foto prewedding.;Positif
Mift Zaman;2 tahun lalu;Akan terasa lebih indah ketika menjelang matahari terbenam.;Positif
Amar Amhar;2 tahun lalu;"Cantik ... eksotis
Air terjun air tawar langsung didepan ombak pantai...";Positif
Afandy Achmad;2 tahun lalu;Keindahan air terjun yang mengalirr , so beautyfull;Positif
Golek Duit Channel;2 tahun lalu;Bagus;Positif
Hairin Maliu;2 tahun lalu;Bagus musim kemarau airnya bening;Positif
Arifin Suqpin;2 tahun lalu;pemandangan lautnya jg bagus;Positif
Penjelajah Channel Sampah;2 tahun lalu;Objek wisata yg sangat keren;Positif
Dent mrrengiz Dani Dorez 217;2 tahun lalu;Pemandangannya indah sekali?? …;Positif
Ferri Indra;2 tahun lalu;Bagus pemandangan nya;Positif
Hoirul Anwar;2 tahun lalu;Indah;Positif
Yuni _Ayu;2 tahun lalu;"Murah meriah
Malah kadang gratis";Positif
Zain Zikakito;2 tahun lalu;Bagus pemandangannya;Positif
Nia Happy-Happy Official;2 tahun lalu;Bagus sayang jauh;Positif
Zainur Ridho;2 tahun lalu;Keren Pokoknya... ?? …;Positif
STORIES_REAL POPULERS;2 tahun lalu;Bagus;Positif
Gundul Pacul;2 tahun lalu;Keren;Positif
eny subroto;2 tahun lalu;Indah banget;Positif
kun setiyono;2 tahun lalu;Bagus;Positif
Joni virnanto;2 tahun lalu;Indah;Positif
Suhartono Bee;2 tahun lalu;Pemandangan yang indah;Positif
Green Bohlam;2 tahun lalu;Bagus;Positif
Oonk Louis;2 tahun lalu;Bagus;Positif
Madura Update;2 tahun lalu;Tempat yang indah;Positif
Azraa Vaey;2 tahun lalu;Strategis dan cantik;Positif
Dyan Fatah;2 tahun lalu;Pemandangan bagus, masih alami. Perlu lebih banyak mengelola untuk membuat yang terbaik;Positif
Soffian Joyopranoto;2 tahun lalu;Pemandangan bagus saat Matahari berada di Utara;Positif
S Nowo El Mahdy;2 tahun lalu;"Dulu lumayan sering ke sini.
Salah satu destinasi paling favorit kalau hendak hunting foto landscape di Pulau Madura. …";Netral
Nur Azizah;2 tahun lalu;"25-10-2021
Tiket masuk 5rb/orang, anak2 free
Batu karang nya sampai hampir ke tengah, air sekitar air terjun agak keruh, tp …";Netral
asan vagez;2 tahun lalu;"Sengkok oreng ketapang cong.. dus nodusih

Sangat TIDAK rekomendasi,. …";Netral
Waskitho Wee;2 tahun lalu;"Secara pemandangan, air terjun ini biasa saja sebenarnya, aku bahkan meragukan kata ""air terjun"" karena tingginya yang cuma beberapa meter saja. Jalan sebentar dari parkiran dan air terjun langsung terlihat, gak butuh treking panjang. …";Netral
Nur Fadilah;2 tahun lalu;Tempatnya nyaman, banyak spot foto nya juga ada tempat parkir buat mobil juga, dan ketika masuk harus turun tangga dulu kaya destinasi wisata biasanya yaaa ???? …;Netral
Adhitya Sanjaya;2 tahun lalu;Sudah di kelola dg baik dan bisa jd rujuan wisata anda. Ini adalah hasil gambar yg sy ambil secara pribadi saat bwrkunjung kesini;Netral
Hendra Surianta;2 tahun lalu;View air terjun oke, Akses dekat dengan jalan utama, fasilitas cukup oke..;Netral
Bulan Syurga;2 tahun lalu;Cocok sebagai tempat refreshing, piknik, atau tour bersama keluarga.;Netral
Ainum Mabruroh;2 tahun lalu;Pas kesini aliran air terjunnya deres banget, mungkin karena lagi musim hujan ?? …;Netral
DINASTY;2 tahun lalu;Tempat parkir luas. Air terjun alami;Netral
Zhafir Al-farezel;2 tahun lalu;"Pengambilan Foto
Dari Wisata Air Terjun Toroan???? …";Netral
athval athoillaharamadani;2 tahun lalu;Tukang parkirnya malak dengan dalih penitipan helm, helm hilang memang resiko sendiri. Tapi malah diringkes sama tukang parkirnya dan ditaruh pos penitipan. Jadi bayar 2500. Pemalakan dengan modus penitipan paksa. KECEWA;Netral
Echsan Kasan;2 tahun lalu;Ngopi,nyantai cocok kl kesini;Netral
Dismas Ismanto;2 tahun lalu;Sdh beberapa kali kesini.. Ndak pernah  bosan... Must visit place... Beautiful viewing;Netral
Bambang Hari Prayitno;2 tahun lalu;Air terjun yang langsung jatuh ke laut, tidak boleh berenang disekelilingnya;Netral
Lingga Kurniawan;2 tahun lalu;"tambah baguus...
sudah dikelola masyarakat sekitar.
semoga makin ramai";Netral
Miqdad Arrijally;2 tahun lalu;Wisata air terjun tepi pantai yang sejuk, mau siangpun suasana tetap sejuk..;Netral
Hanan Nuklir Surabaya;2 tahun lalu;Cukup satu kata,.Mantapp...?????? …;Netral
Arif Wicaksono;2 tahun lalu;lumayan lah;Netral
Ikmal Rofahaya M.;2 tahun lalu;Tempat yang cocok untuk ngadem.;Netral
Ibnu Ibnu;2 tahun lalu;Suasana air terjun di pulau garam Madura kecamatan Ketapang kabupaten Sampang Jawa timur;Netral
Dinda Daa;2 tahun lalu;Spot fotonya diperbanyak biar ga bosen;Netral
Adiey Mayezz;2 tahun lalu;Perlu di upgrade lagi biar lebih waw;Netral
Abil Malik;2 tahun lalu;Perlu penataan ulang,hingga menambah keajaiban;Netral
Umam Shof;2 tahun lalu;Mamtaap jooss g rugi trip ke sini;Netral
Gus Bayu;2 tahun lalu;Dua bintang dulu,lihat my cennel youtube;Netral
Gaya Reload;2 tahun lalu;Lokasi Aman dan bersahabat;Netral
Lets Do It;2 tahun lalu;Kurang terawat;Netral
idexpress ketapang;2 tahun lalu;Semoga terus berkembang;Netral
Reno official;2 tahun lalu;Wisata ini tetangga saya;Netral
Murdi;2 tahun lalu;Akses yang sangat mudah;Netral
rafa Rafael;2 tahun lalu;Tempat yg kumuh;Netral
Arief Suherman;2 tahun lalu;Menyenangkan;Netral
M. Fauzi;2 tahun lalu;Lumayan lah;Netral
BANG RACHMAN FISHING;2 tahun lalu;Pemandangan yang ciamik;Netral
Rizky Nur Masjidi;2 tahun lalu;Lumayan oke;Netral
Orang Awam;2 tahun lalu;Saya kos disini;Netral
I Sanusi;2 tahun lalu;Terbayar;Netral
MAZ RIZAL# HONG PEHONG;2 tahun lalu;Bgs;Netral
Danang Budiman;2 tahun lalu;Segar;Netral
Riki Afriyanto;2 tahun lalu;Butek;Netral
R. Nurcahya Dwi Asmoro;2 tahun lalu;Sip;Netral
al sya;2 tahun lalu;Sering berkunjung;Netral
Arief Hartanto;2 tahun lalu;Air terjun di pinggir pantai....luar biasa bukan ?? …;Netral
Mardi Setiawan;2 tahun lalu;Sungai jatuh ke laut;Netral
Rohid_akram;2 tahun lalu;Kor periksa settong dereh;Netral
khoiril hidayat;2 tahun lalu;Perlu ditingkatkan lagi;Netral
4r1f Maman;2 tahun lalu;Alhamdulillah,Segala puji bagi Allah,tuhan tunggal,Esa....cuma dipingir banyak sampah...kalau bisa pengurus mungut biaya masuk, tiap hari bersihkan sampahnya?;Negatif
Fifi Raidatul Hasanah;2 tahun lalu;Kurang memuaskan, pelayanan kurang , parkir masih kena mahal.;Negatif
Ab za Ab;2 tahun lalu;"Tidak seperti awal opening...
Dan sampah berserakan";Negatif
AL Makki;2 tahun lalu;Tempat nya kotor, dan sempit;Negatif
Deshe Lia;3 bulan lalu;Tempatnya bagus bgt, senang kalau liburan ketempat4 kaya gini. Bikin happy, dan air terjun nya bagus bgt;Positif
Fathur Rozi;3 bulan lalu;Bagus namun belum bersih pantainya, kalau saja dirawat dan dibersihkan akan sangat amat indah;Positif
zaidan z;3 bulan lalu;Tempatnya bagus bnget.... alternatif liburan sekolah, bersama keluarga;Positif
Nurul Hadi;3 bulan lalu;Pemandangan indah, ada warung makan dengan andalan sea food yang maknyus;Positif
Arbie Always;3 bulan lalu;Lumayan buat healing tipis2 dg budget yg murah;Positif
KRIS TANTO;3 bulan lalu;Air terjun Bagus Saluran Langsung masuk ke laut;Positif
Rara;3 bulan lalu;"Pemandangan bagus
Tempat nyaman";Positif
Rio Pratama;3 bulan lalu;Bagus & lumayan bersih;Positif
Sopiyah Yasin;3 bulan lalu;Ciptaan TUHAN..Sangat bagus;Positif
CRM Indonesia;3 bulan lalu;keren, dan bafus banget;Positif
Mike Spekreijse;3 bulan lalu;Lokasi yang indah namun jika Anda pergi ke hulu polusi menghilangkan keindahan air terjun.;Positif
Siva Arrafa;3 bulan lalu;Tempat yang damai dan indah! Waktu terbaik untuk pergi ke sini adalah matahari terbenam (yang sayangnya,;Positif
Kintaka Purnama;3 bulan lalu;Masya Allah, ciptaan Tuhan itu indah, sayang sekali jika tidak dinikmati;Positif
Sitti Nurul Hidayah;3 bulan lalu;Sangat sejuk berrasa dibawah air terjun dengam air sungai yg bercampur dengan air laut yg begitu bening;Netral
Eza Veris024;3 bulan lalu;Tempat yang satu ini tergolong unik dan menarik buat dikunjungi, karena air terjunnya langsung tumpah dan menyatu dengan laut. Aliran air terjunnya berasal dari hulu sungai yang berada diatas air terjun.;Netral
Rini Setyowati;3 bulan lalu;area parkir cukup, air bersih, fasilitas cukup memadai..;Netral
Adv. Sutrisno, SH;3 bulan lalu;Terhibur ada restorant menyediakan karaoke segala;Netral
Robi Andres;3 bulan lalu;Ceritanya singkat tapi kenangannya begitu mengikat;Netral
rumah golfcar;3 bulan lalu;Sumpah ini pengalaman terbaik;Netral
Dessy Nataliawati;3 minggu lalu;Bagus;Positif
Fanan Agsoni;3 minggu lalu;Sangat sangat keren;Positif
Wijaya Oei;3 minggu lalu;Air terjun yang menakjubkan;Netral
Arif jeeh;3 tahun lalu;Keren banget sih, saya kesini waktu sore jadi hasil fotonya keren. Masuk cuma bayar parkir aja kok. Buat ke air terjunnya juga dekat, turun sedikit aja dari parkiran. Di dekat parkiran juga terdapat penjual makanan dan minuman lesehan yang langsung view ke arah pantainya;Positif
INJ PenaOficial;3 tahun lalu;Tempat sngat strategis, tepat di sebelah jalan raya, pemandangan sangat bagus, apalagi ketika pagi dan sore, ditambah dengan desain cafe yg sangat cantik serta dinding tangga yang cerah2;Positif
Lek Yung;3 tahun lalu;Tdk rugi dtg ke tempat ini .... jalan nya enak, gak terlalu jauh .... akses masuk ke air terjun sangat dekat .... jalannya enak .... air terjun bagus .....;Positif
Petualang Hijrah Original Video No Editing;3 tahun lalu;Wisata asik... sederhana.. bagus buat selfi dan foto...harga tiket masuk cuman 3000;Positif
Onez;3 tahun lalu;Lokasi ini cocok bangrt buat berlibur bagi keluarga dan spot yang bagus untuk mengabadikan momen senja..silahkan follow ig saya @onezliano bonus follback ?? …;Positif
Peby Mulya;3 tahun lalu;Pantai bagus,ada tempat makan,ada air terjun menuju laut;Positif
Habieb Suryantoe Mbolangers;3 tahun lalu;Lumayan bagus lokasi wisatanya..;Positif
ariyoena samitsa;3 tahun lalu;Air nya hijau ke biruan bagus... jangan sampe dikotori ya... supaya tetep bagus;Positif
abu dzakiy;3 tahun lalu;bagus potensi alamnya tapi pengololaannya belum maksimal mungkin dikarenakan masih berbasis mandiri;Positif
whenny endah;3 tahun lalu;Bagus.... Hanya kebersihan kurang terawat;Positif
Miendary Rose;3 tahun lalu;Bagus sih... cuman kurang terawat. Mungkin karena air terjun langsung ke laut itu kali ya.. jadi sensasi bermain air di bawah percikan air terjun nya gak ada sama sekali. Jadi cukup bintang 4 aja ya.;Positif
cover ar;3 tahun lalu;Air terjun toroan adalah air terjun yg langsung bertemu dengan pantai seandainya penambangan pasir tidak dilakukan pantai toroan dan airterjun nya akan menjadi pariwisata paling bagus di pulau madura tapi sayang kita harus melihat air terjun dan pantai yg sudah habis pasirnya waktu saya sd saya akui pantai toroan paling bagus;Positif
Umihany Hany;3 tahun lalu;"Wisata alam yg bener"" bagus , terasa didlm gua yg terdapat air terjun yg lsg turun di dasar laut , sungguh pemandangan yg sangat bagus ?????? …";Positif
Moch Amin Tian;3 tahun lalu;Bagus dan bersih;Positif
Farida kristina dwi Andatu;3 tahun lalu;Tempat wisata yg bagus dan masih alami perlu sedikit lagi sentuhan agar lebih menarik wisatawan;Positif
febriyans -;3 tahun lalu;Tempatnya lumayan bagus, cocok banget untuk foto long exposure, rekomendasi waktu terbaik yaitu sore;Positif
Ha Sarwoedi;3 tahun lalu;Tempat yg amat sangat indah dan nyaman ....saudaraku hayo berkunjung tempat ini biaya masuk dan parkir murah meriah;Positif
Tri Bagus Wahyudi;3 tahun lalu;"Air terjun yg menghadap langsung ke Laut....view sunset nya indah sekali
Cek ig kita @tbagusw";Positif
biker insyaf;3 tahun lalu;Lumayan bagus air terjunnya.mau musim hujan atau kemarau airnya ttp ada;Positif
Rista Dinda;3 tahun lalu;Ini air terjun paling bagus, keren banget.. Cocok banget buat ngilangin penat;Positif
Faris 25;3 tahun lalu;Suasana alamnya sangat indah karena merupakan perpaduan antara air terjun dengan laut;Positif
Danita Rolag;3 tahun lalu;Tempat rekreasi di madura dekat pinggir laut tapi ada air terjunya, masih natural, bagus untuk keluarga;Positif
ahzai TV;3 tahun lalu;Tempat berlibur yg menyenangkan untuk pasangan dan keluarga dan meikmati air terjun.... yg indah;Positif
renita agustiana;3 tahun lalu;Bagus tempatnya.... pinter2 ambil spot foto aja...;Positif
Peter Amirtha;3 tahun lalu;Pemandangan bagus dan ada tempat makannya cukup enak..;Positif
Yusron Surya Pranata;3 tahun lalu;Air Terjun Toroan berada di Ketapang Sampang Madura. Bagus banget pemandangan nya;Positif
Ardian malang;3 tahun lalu;Lumayan bagus.....;Positif
Ummi Syafira;3 tahun lalu;Bagus, yg pasti tempatnya sejuk dong;Positif
Abdul faidh Zinnun al mishri;3 tahun lalu;Bagus sih cuma kurangnya sarana yg mendukung;Positif
COMET RNR PLURBALINGGA;3 tahun lalu;Pemandangan yg menghipnotis mata akan keindahan alam;Positif
Miftahur Rohman;3 tahun lalu;pemandangan pantai yang indah;Positif
Tri Sukowibowo Koko;3 tahun lalu;Bagus, lebih bagus lagi kalau dikelola dan dibangun.;Positif
Didik Suhariyan;3 tahun lalu;Keren;Positif
Hafidz Odinsyah;3 tahun lalu;Kalo sunset kayaknya lebih bagus;Positif
Wawan Master;3 tahun lalu;Air terjunnya indah sejuk;Positif
Mahendra's Family;3 tahun lalu;Bagus tapi maaf tidak sempat ambil foto;Positif
Shobry Aly muhgni;3 tahun lalu;Indah sekali;Positif
Pak Iqbal;3 tahun lalu;Tempatnya bagus buat kesehatan;Positif
Hafiluddin;3 tahun lalu;Tempatnya sangat bagus,;Positif
Fakhrur Rozi;3 tahun lalu;Indah;Positif
Sri Wahyuni;3 tahun lalu;Wisata murah meriah;Positif
Wawie Erorr;3 tahun lalu;Bagus udaranya seger;Positif
arifin yazid channel;3 tahun lalu;Bagus untuk ber wisata;Positif
yudi rosadi;3 tahun lalu;Indah sekali, tidak akan menyesal ?? …;Positif
Rozi Planner;3 tahun lalu;Bagus tempatnya;Positif
GRACIA SALON;3 tahun lalu;Bagus oke;Positif
Tania P Putri;3 tahun lalu;Tak sebagus di foto;Positif
Farisa Geosany;3 tahun lalu;Tdk seindah sprti gambarnya;Positif
sri bimo adhi yudhono;3 tahun lalu;Bagusnya tdk terduga;Positif
Syaiful Bahri;3 tahun lalu;Suasanax Indah menyenangkan;Positif
Abdullah assaydani;3 tahun lalu;Bagus sekali;Positif
Iskandar muda;3 tahun lalu;Tempatnya bagus;Positif
Hasuke BinZubair;3 tahun lalu;bagus dan dan minim biaya;Positif
Zeen Dobrak;3 tahun lalu;Suasana yang bagus;Positif
Ari Basuki;3 tahun lalu;Keren;Positif
Apdete info Seluruh indonesia;3 tahun lalu;Bagus;Positif
andrie rusdiansyah;3 tahun lalu;Bagus;Positif
maryadi jantan;3 tahun lalu;Bagus;Positif
Zeynutdin;3 tahun lalu;Bagus;Positif
olivia a;3 tahun lalu;Beberapa tahun yang lalu ketika saya pertama kali mengunjungi tempat ini, itu bagus, semuanya dibuat oleh alam, tetapi hari ini saya melihat peningkatan besar yang menjadikannya lebih baik. Bahkan ada sebuah kafe! Selamat, Sampang!;Positif
????:?????????? ???? ?? ??? ?? ???? ???????;3 tahun lalu;"Tampilan yang menarik dan gambar yang indah seolah-olah menggambar dari imajinasi
Tapi itu butuh perawatan, pembersihan, dan penataan
Untuk melengkapi pariwisata";Positif
Selvie Liao;3 tahun lalu;Bagus...;Positif
Azura Azura;3 tahun lalu;Bagus;Positif
N3Y;3 tahun lalu;Pulau Madura ternyata mempunyai obyek wisata air terjun juga, sy pikir Madura hanya mempunyai obyek wisata bukit kapur dan pantai saja. Ternyata Madura mempunyai obyek wisata yang menakjubkan salah satunya adalah air terjun Toroan. …;Netral
Indra Susandi;3 tahun lalu;Dari Sumenep ke air terjun yang berada di utara ini benar2 butuh perjuangan. Melewati hutan2 sepi dan perbukitan serta jalannya banyak lubang. Sampai Ketapang sudah malan dan nginap di spbu karena satu2nya homestay sdh full. Pagi2 ke air …;Netral
Atika Anggiasih;3 tahun lalu;"Nice view. Tp ga sanggup naek turun tangganya sih.
Blm diexplore banget jg soalnya. Letaknya juga di jalur utara madura yg masih baru banget.
Masih sepi tempatnya.";Netral
Masagus Imaduddin;3 tahun lalu;"Jarang-jarang ada air terjun di pinggir pantai nih.

Reccomend banget kesini, tapi emang harus sabar di perjalanan, agak jauh memang …";Netral
Moh. Ghufron Cholid;3 tahun lalu;Sangat menarik hati pemandangannya dan bikin liburan bersama keluarga semakin berkesan;Netral
Zulfikar Renal;3 tahun lalu;Tempatnya sudah berkembang, akan tetapi untuk masalah kebersihan di bebatuannya harap dijaga lebih baik lagi;Netral
Channelnya Bu Tini;3 tahun lalu;"Viewnya asyiik...
Air terjun tp langsung laut
Kebanyakan air terjun di gunung naah ini di laut …";Netral
Abdul Rachman;3 tahun lalu;Tempat yg nyaman buat menikmati sunset;Netral
shohibul ilmi;3 tahun lalu;"Sekarang parkir sudah luas...
Kalau kesini mending sore...senja sore sungguh pemandangan nya";Netral
Awik Baidawi;3 tahun lalu;Air terjun yang langsung jatuh ke pantai.;Netral
anton suharto;3 tahun lalu;Lokasi yg terjangkau dr area parkir n nyaman utk keluarga;Netral
Shoby Zayzavona;3 tahun lalu;Tanpa tiket masuk hanya bayar parkir, afa kulinernya juga;Netral
Rahmat Syarief;3 tahun lalu;Wajib lihat tuk dukung destinasi wisata alam kota sampang, ayoo main kesana;Netral
rusdi zulkarnain;3 tahun lalu;Air Terjun Toroan di pinggir laut utara Pulau Madura dekat kota kecil Ketapang Kabupaten Sampang. …;Netral
Lidia Indriyani;3 tahun lalu;Air Terjun Toroan berada dekat tepian jalan raya , sehingga akses untuk kesana mudah dan cepat kalau kita mau turun melihat secara langsung air terjunnya apalagi tepat berada ditepian pantai.Suasananya sangat nyaman dan terasa dingin karena …;Netral
Nardi Yanto (Raditya);3 tahun lalu;Lokasinya berada di pinggir jalan, gampang dicari. Free,ga ada HTM, cm bayar parkir aja. Enak buat sekedar berfoto dan santai²an sekeluarga. Lengkap ada warung lesehan, musholla dan parkiran.;Netral
Dear Busri;3 tahun lalu;wisata air terjun yang letaknya di samping jl. Ketapang-Sampang;Netral
Kholid Ibrahim;3 tahun lalu;Destinasi wisata air terjun yg langsung ke laut, lokasi sangat menarik dan recomended banget bersama keluarga tercinta;Netral
Danita Gan;3 tahun lalu;Lumayan habis ke bebek sinjai, jalan2 di sini;Netral
Ahmad Mahrus;3 tahun lalu;Ada kenangan yang tersimpan disana;Netral
Wida Yanti;3 tahun lalu;Airterjun di tepi laut...suatu yang jarang ditemui. Tempat yang mudah dijangkau, karena tidak jauh dari jalan utama. …;Netral
John Sakera;3 tahun lalu;Tetep suka banget dengan tempat ini;Netral
Rizqi Puji;3 tahun lalu;air terjunnya kecil warna hijau, kalau sunsetnya top banget si;Netral
Hari yadi;3 tahun lalu;Air Terjun Toroan  di Desa Ketapang, Kecamatan Ketapang, Kabupaten Sampang dekat Jl. Raya dan pantai utara Sampang. Parkir motor dan mobil luas;Netral
Idruz Vayruz;3 tahun lalu;Air terjun langsung ke pantai satu satunya di daerah madura.. dan merupakan destinasi wisata yg ckup langka.;Netral
Erha Agustina;3 tahun lalu;Datanglah saat pagi air laut belum pasang, airnya bening karang terlihat;Netral
radenmas gatut;3 tahun lalu;unik.....air terjun langsung k laut.....cuma keamanan mash minim......;Netral
DWIKI PRAWITA;3 tahun lalu;mantap;Netral
Diita Gembul;3 tahun lalu;salah satu icon wisata yg ada di Ketapang Sampang tempatnya yg nyaman untuk bersantai;Netral
Heru Winarno;3 tahun lalu;Ada Cafe nya yg bisa menikmati semilir angin laut;Netral
Vida Brail;3 tahun lalu;Lumayan,jln menuju air terjunnya agak licin;Netral
Aas Ridwan (Aak);3 tahun lalu;refreshing with orang2 kantor dan keluarga;Netral
Maya Sari;3 tahun lalu;Air terjun di wilayah Sampang Madura yg langsung bermuara di laut utara Madura;Netral
KARIM- DARSILO;3 tahun lalu;Sangat senang;Netral
Fiki Ari;3 tahun lalu;???? …;Netral
Agus salim;3 tahun lalu;Nyaman enak;Netral
Fefa Ariba;3 tahun lalu;Destinasi wisata air terjun di pinggir pantai utara kabupaten sampang;Netral
mux mux;3 tahun lalu;tempatnya nyaman, mudah dijangkau;Netral
Moh Idris;3 tahun lalu;Pengen kesini lagi soalnya udah lebih mantep....;Netral
Raden Budiarta;3 tahun lalu;Tmptnya lumayan ok....view ok;Netral
Dody Ajay;3 tahun lalu;Luas sekali lautnya;Netral
Amirullah Rahman;3 tahun lalu;rekomandasi tempat liburan;Netral
Ayu Dwi;3 tahun lalu;Rasanya aku ingin jeburan disana wkwk;Netral
Machrita N.I.;3 tahun lalu;Air terjun yang cocok untuk short vacation;Netral
hairul umam;3 tahun lalu;Airnya jernih banget :);Netral
Afiq R. Official;3 tahun lalu;Lebih di tingkatkan lagi pemeliharaannya.;Netral
sam adhi;3 tahun lalu;adem;Netral
Rahmat Rahmat;3 tahun lalu;Indanya pemandangan nya;Netral
Iqbal K Sukasdi;3 tahun lalu;Parkir mobil enggak ada;Netral
Fanani Achmad;3 tahun lalu;Biasa aja;Netral
Iis Hariyanti Yanti;3 tahun lalu;Saya suka pantai,;Netral
SULTHAN Videography;3 tahun lalu;sangat nyaman dan sejuk;Netral
Zainia Lauhim;3 tahun lalu;Buat menghibur dri sendri;Netral
Dina Yunita;3 tahun lalu;Lumayan meski sempit;Netral
Yarra;3 tahun lalu;Mantapsss;Netral
Abd Gani;3 tahun lalu;Aq suka;Netral
Mufid Official;3 tahun lalu;Tempatku Menimbah ilmu;Netral
Apin Poy;3 tahun lalu;Pokoknya sangat puas;Netral
Tieni Tahayoung;3 tahun lalu;Okey;Netral
Hidayatullah Syah, LGED HNI-HPAI;3 tahun lalu;Mantul;Netral
Chuwez15;3 tahun lalu;Masok;Netral
Mr Capung Canel;3 tahun lalu;Mantap;Netral
Heris;3 tahun lalu;Cakep;Netral
Mazukon Siwickedts;3 tahun lalu;Oky;Netral
Arif Budiman;3 tahun lalu;Pasti transfer;Netral
mbaksyaa;3 tahun lalu;Recomended ???? …;Netral
oscar samosir;3 tahun lalu;Air terjun kecil dan pemandangan laut.;Netral
Cing Cing;3 tahun lalu;Tempat yang luar biasa untuk menembak;Netral
Afrinaldi Zulhen;3 tahun lalu;Salah satu air terjun laut terbaik di dunia;Netral
Irul Bolitz;3 tahun lalu;Jjs;Netral
Bayari Sentono Putro;3 tahun lalu;Pemandangan luar biasa, menghadap laut;Netral
Sanny Octavia Kusnadi;3 tahun lalu;Dari parkiran kendaraan berjalan menuju ke air terjun Toroan tidak jauh, dan aman untuk orang tua dan anak anak. Hanya saja, pantai nya agak kotor, banyak sampah berserakan. Mungkin pengelola perlu memperhatikan kebersihan pantai;Negatif
Abdul Rohim;3 tahun lalu;"Fasilitas parkir ok.
Airnya kotor.
Logistik tak ada";Negatif
Darmo Suwoko Wibisono;3 tahun lalu;Air terjun nya kotor & berwarna coklat ???? …;Negatif
Jerry Anggoro;3 tahun lalu;Banyak sampah;Negatif
fnu asnawi;3 tahun lalu;sampah dimana-mana.. huhu.. kecewa?? …;Negatif
Mochammad Aris;4 bulan lalu;Tempatnya bagus, hanya saja lebih bagus lagi kalau pas air lautnya surut;Positif
nonie Oktaviani;4 bulan lalu;Tiket masuk murah, pemandanganya ga kalah bagus dari pantai lain, karena pantai ini tidak di perbukitan atau hutan tapi air terjun ini di pesisir pantai, spot foto yg keren saat senja tiba.;Positif
Samsul Arifin;4 bulan lalu;"Tempat nya indah, ayo kita lestarikan wisata alam negeri kita.
Patut lah kita jaga keindahan alam kita
Buang lah sampah pada tempatnya,jangan kotori bumi kita dengan sampah dll …";Positif
Nova Oktavia;4 bulan lalu;Air terjunnya dekat pinggir laut.pemandangannya indah danbagus banget rekomend banget;Positif
Asep Septian;4 bulan lalu;Woow Bagus Indah Air Terjun Pemandangan Nya Pun Sangat Asri Sejuk;Positif
Alfina Faiq;4 bulan lalu;Tempat rekreasi yang bagus untuk berlibur bersama keluarga;Positif
tiyo prasetyawan;4 bulan lalu;Bagus bener air terjunnya;Positif
Devi Noviyanti;4 bulan lalu;Pemandangannya bagus dan udaranya seger;Positif
Reymond;4 bulan lalu;Tempat wisata yang indah dan bagus;Positif
Fitri Tompinit;4 bulan lalu;bagus banget banget ,pengen kesini lagi;Positif
Dede Astri;4 bulan lalu;Tempat nya bagus ,keren;Positif
Hary Wibowo;4 bulan lalu;Mantabbb tempatnya keren....;Positif
alief ara;4 bulan lalu;View yg bagus;Positif
R-E Project;4 bulan lalu;Indah sekali...rekomended;Positif
Imah Oim;4 bulan lalu;Bagus..indah;Positif
randy andryana;4 bulan lalu;Indah sekali;Positif
Bellanie;4 bulan lalu;Harga masuk Rp5.000 per orang dan jika membawa kendaraan untuk parkir dikenakan biaya Rp5.000. Yah airnya kurang jernih tapi untuk view lumayan bagus;Positif
Achonk Zaien;4 bulan lalu;Tempat yang bagus dan indah;Positif
Ranidya;4 bulan lalu;tempat yang indah ... direkomendasikan untuk waktu keluarga;Positif
noer kholis;4 bulan lalu;Rame disini, kalo cari kulineran disini banyak. Tapi seru kalo ke air terjunnya, kalo lagi pasang kayaknya sangat engga disarankan untuk mandi di air terjunnya. Cukup bayar parkir kendaraan disini. Lahan parkirnya juga luas bias motor dan mobil, bus pariwisata juga bisa.;Netral
Arief Rakhman official;4 bulan lalu;Suasana Pantai yang syahdu. Recommended;Netral
Cherry Blossom;4 bulan lalu;Tampilan Terbaik ?? …;Netral
Krishna Astu;4 minggu lalu;Air terjun Toroan adalah permata tak terduga yang membuat saya kagum. Saya tidak pernah menyangka akan menemukan tempat menakjubkan seperti ini di wilayah ini, dan rasanya seperti harta karun yang terpendam. Pemandangan air terjun tepat di …;Netral
Faisol Munif;4 tahun lalu;Air terjun toroan ini bagus sekali, air terjun yang jatuhnya langsung ke laut. Pemandangan yang indah, bisa menikmati air terjun sekaligus menikmati keindahan laut lepas. Ada beberapa spot untuk foto yang bagus untuk dijadikan tempat untuk …;Positif
FeriARFA;4 tahun lalu;Wisata air terjun toroan ini memiliki pesona yang luar biasa indahnya. Baru pemerintahan kabupaten Sampang yang Sekarang /sekitar tahun 2016 sampai sekarang pembangunan kawasan air terjun toroan gencar dilakukan. Sayangnya disepanjang bibir …;Positif
Herlina Anita;4 tahun lalu;Air terjun toroan terletak di kabupaten sampang. Air terjunnya tdk terlalu tinggi. Pemandangan di sekitar lumayan bagus apalagi kalo saat matahari mau tenggelam. Jalan menuju lokasi medannya baik dan lancar. Di air terjun toroan ini tidak diperbolehkan untuk mandi karena sdh pernah menelan korban jiwa. Tidak bisa buat kemah juga.;Positif
Yoshima Putri;4 tahun lalu;"Pas nyampe disana. Pemandangan kalender ini mah. Wkwk
Liat aja foto2 nya bener keren, ini salah satu air terjun yang airnya langsung diterusin ke laut. Waw. Hati2 tapi kalau berenang disini takut keseret ke laut. Tapi selama laut gak pasang, worth it banget lah .. Air tenang, bening kayak kristal ?? …";Positif
Zein Calvin Story;4 tahun lalu;Bagus,tidak perlu jauh jauh jalan dari parkirannya,,biaya masuknya juga cukup murah hanya 10rb untuk 1 mobil.hanya saja tempat parkir disini  panas tidak ada tempat teduh..;Positif
Riska Auliya;4 tahun lalu;Nice bagus, cuma saya datang pas habis hujan jadi jalanan agak licin jadi hati-hati ya man teman, ada warung juga parkir lumayan luas;Positif
Feizal Aditya;4 tahun lalu;Air terjunnya keren airnya langsung jatuh pinggir pantai, pantai lumayan bersih, akses gratis cuma bayar parkir aja untuk motor 5rb, ada tempat makan juga.;Positif
BEBASAKSES 00;4 tahun lalu;"Air Terjun Toroan KCT/ Ketapang/ KBT/ Sampang ( MADURA ) Tempat Nya Bagus Untuk Di Kunjungi All Turns.
All Sejagat Raya  ( ATT BEST ) Air nya menyatu dengan air lautan samudera.  Air …";Positif
Whitelist Official;4 tahun lalu;Tempatnya bagus cuman agak kurang terawat banyak sampah berserakan;Positif
lis miati;4 tahun lalu;"Tempat nya Nayaman sejuk bagus buat berfoto dengan keluarga ...tp kl hujan laut nya ad sampah"" yg merusak pemandangan mata";Positif
Cimahi_SM Ekstra_Anggih Saeful Khiyar_SM3;4 tahun lalu;Air terjun langsung ke laut, lautnya bersih dari sampah, sangat bagus untuk foto-foto;Positif
Rudi Santoso;4 tahun lalu;Bagus, sayangnya banyak sampah dari air terjunnya yg berhulu di pemukiman atas;Positif
Ini Zoel (Zulfa Graph);4 tahun lalu;Bagus banget cocok banget buat spot foto, buat nyantai sambil liat laut jg bisa;Positif
mahardian rahmadi;4 tahun lalu;Air terjun kecil tetapi cukup indah. Lokasi tepat di jalur pantura bangkalan - sumenep;Positif
Adrina Dev;4 tahun lalu;Semakin bagus dan bersih, sayang kamar mandi dan mushola kurang terawat.;Positif
Oktafirda D Carintan;4 tahun lalu;Pemandang cukup bagus dan akses mudah karna berada di tepi jalan;Positif
Eko Val;4 tahun lalu;air terjunnya bagus,, tp air nya, coba tengok sendiri keatas;Positif
Vika Saraswati;4 tahun lalu;Bagus asalkan pas air laut tidak pasang, kedua masih banyak sampah yang ditinggalkan oleh pengunjung;Positif
Cupay Christina;4 tahun lalu;air terjun yg cantik. kita bisa menikmati sunset di dekat air terjun;Positif
Garuda Indonesia;4 tahun lalu;Indahnya luar biasa dan sangat istimewa dari air terjunnya;Positif
Farid F;4 tahun lalu;Suasana sore yg tdk begitu panas, membuat mata nyaman memandang salah saty ciptaan Allah yg indah;Positif
hadnys setyo;4 tahun lalu;Tempatnya indah.. Masih cukup bersih.. Tempat yg tepat utk menikmati sunset di pulau madura..;Positif
Firman Hidayat;4 tahun lalu;Pemandangan alam bagus dan murah meriah,pas bnget bagi anda yg lg liburan di madura;Positif
Amrulloh 33;4 tahun lalu;Tempatnya bagus sekali,Sangat menarik untuk dikunjungi wisatawan;Positif
Wisnu Kinx;4 tahun lalu;Air Terjun yg indah...lgs ke laut...lengkap dgn fasilitas Rumah Makan Lesehan...;Positif
Hadistria M;4 tahun lalu;Sangat bagus dan  cuma bayar parkir 5k;Positif
dody dydod;4 tahun lalu;Wisatanya Bagus... Tapi kalau kulinernya pelayanan agak kurang memuaskan, pelanggan terlalu lama di buat menunggu....;Positif
Rika Rahmania;4 tahun lalu;Karna tempat nya bagus indah dan memuaakan;Positif
Raditya Hendra Pratama;4 tahun lalu;"Air terjun dan tempat wisata yang sangat indah yang ada di pulau Madura bagian utara.
Meskipun tempatnya tidak besar tapi cukup untuk menarik wisatawan untuk berfoto …";Positif
Ines Kum;4 tahun lalu;Air terjunnya bagus, langsung turun ke laut, pemandangannya jadi double yaitu air terjun dan laut, kita juga bisa naik sehingga bisa berada di atas air terjunnya. tempat parkirnya jg luas jd gak perlu khawatir jika kesana menggunakan mobil;Positif
M Kholis;4 tahun lalu;Sungguh indah cinptaan MU Ya Allah;Positif
Rendra Dwi;4 tahun lalu;Pemandangannya bagus, cocok buat spot foto;Positif
maz echo;4 tahun lalu;Wisata Ait Terjun Toroan Yang Keren di Madura;Positif
SILA BUTIK BATIK;4 tahun lalu;Pilihan piknik murah meriah;Positif
Timotius Andy;4 tahun lalu;"Pantainya keren.. dan air terjun mininya dan sungainya berwarna biru jernih..
Cuma sayang di bagian atas sungai banyak sampah rumah tangga.. popok2 bayi dan bungkus plastik banyak bgt..";Positif
Pejuangnkri;4 tahun lalu;Tempat nya indah dan cocok untuk santai selain air terjun juga berada di tepi pantai tempat ini sangat inda saat menjelang sore karna tempat ini berada di selatan pantai saat sore matahari persis berada di sebelah barat;Positif
Hartoya Prasetyo;4 tahun lalu;Bagus si tp harus lbh d tingkatkan lagi;Positif
Dibyus Diby;4 tahun lalu;Masukkan dalam daftar kunjungan anda bila ke Madura. Sangat jarang ada air terjun langsung ke laut. bagus sekali di nikmati waktu sore hari sambil menikmati matahari tenggelam. Put it your visiting list when you in Madura. It's very rare …;Positif
Achmad Farajallah;4 tahun lalu;Pemandangan indah. Tetapi, sulit parkir dan dukungan rekreasi yg lainnya. Di pantai kiri-kanannya terlihat ada penambangan pasir laut;Positif
Lutfi Adjha;4 tahun lalu;Wisata murah dg pemandangan yang indah;Positif
BecKitchen TV;4 tahun lalu;Air terjun bagus dan yg perlu di perhatikan kurang luas buat rekreasi;Positif
sholikin kuwock;4 tahun lalu;"Bagus air terjunnya, pemandangan lautnya.
Tapi sayang pengelolaan kurang.";Positif
welly martinus;4 tahun lalu;Indah, asri, pemandangan laut yang menyegarkan, air terjun langsung menuju ke laut, luar biasa indah;Positif
Oonkz Froeza;4 tahun lalu;Air terjun yang indah yang berada di tepi laut sangat bagus untuk yang suka foto-foto;Positif
ilham riskiyanto;4 tahun lalu;Tempat bagus kita bisa lihat AIR terjun yang bisa langsung ke laut...keren;Positif
Heri Purnomo;4 tahun lalu;Bagus dan di tepi jalan raya, sayang airnya kotor campur sampah dan cokelat;Positif
Ageng Prabowo;4 tahun lalu;Tempatnya bagus, pengelolaan mungkin bisa lebih ditingkatkan biar tempat ini lebih dikenal.;Positif
ilmin syarif;4 tahun lalu;Wisata alam yg bagus..hanya saja fasum nya masih kurang;Positif
Aris;4 tahun lalu;bagus sejuk tempatnya;Positif
Brad Setiawan86;4 tahun lalu;keren destinasinya .. dan gak ada tiket masuk ... kulinernya murah bangeeet;Positif
Taufik Hidayat;4 tahun lalu;Pemandangan alam lumayan indah di air terjun titian ketapang;Positif
Adhi sucipto;4 tahun lalu;Pemandangan Air Terjun Toroan Bagus sekali dan pakiranya luas saya senang sekali;Positif
joe vandoel;4 tahun lalu;Indah air terjun yg berbatasan langsung dgn Laut;Positif
Nanny Ratnasari;4 tahun lalu;Tempatnya lumayan bagus, tetapi untuk pelayanan makanan masih kurang;Positif
Shevia Fernanda;4 tahun lalu;Pemandangannya bagus dan tidak dikenakan biaya saat masuk;Positif
Kaka Uben;4 tahun lalu;Sangat tepat untuk beristirahat dan pemandangan alamnya sangat indah;Positif
M. Abdi Annur;4 tahun lalu;Bagus sekali;Positif
Ermawati Putri;4 tahun lalu;Pemandangan bagus. Tp tdk terawat;Positif
Maria Hani;4 tahun lalu;Keindahan darimu Tuhan, terimakasih semoga kami bisa menjaganya;Positif
Sal Sali;4 tahun lalu;Bagus kalo lagi bening airnya .... ?? …;Positif
Romzatul W;4 tahun lalu;Bagus gratis;Positif
siti salicha;4 tahun lalu;Air terjunnya sangat indah...;Positif
Agus Cahyono;4 tahun lalu;Air terjunx bagus indah langsung turun ke laut;Positif
wahyou cahyono;4 tahun lalu;Bagus;Positif
Happy Tour Surabaya;4 tahun lalu;Bagus tapi kadang airnya sangat keruh;Positif
Rahasdita Reo Hansdoko;4 tahun lalu;Sangat bagus, sejuk dan dingin...;Positif
Yudi Kiswanto;4 tahun lalu;Air terjunnya cukup indah;Positif
Otnay91;4 tahun lalu;Lokasinya cukup jauh, tapi lumayan indah;Positif
Hyper Sony;4 tahun lalu;bagus . recom lah;Positif
Achmad Suryono;4 tahun lalu;tempat wisata pantai yang bagus;Positif
Siti Nurul;4 tahun lalu;Bagus....cma sedikit seram..;Positif
Nukman Ae Cak Man;4 tahun lalu;Bagus dan murah tiket ny;Positif
Rahmat Dandi;4 tahun lalu;Bagus untuk spot foto.;Positif
Budi Utomo;4 tahun lalu;Bagus tapi perawatan kurang.;Positif
Fazaarez;4 tahun lalu;Keren cuy;Positif
Farah Alzhar;4 tahun lalu;Tempat nya bagus;Positif
Cak Ardy;4 tahun lalu;Indah Air terjunnya;Positif
Suherman Suherman;4 tahun lalu;bagus sekali;Positif
Alfred Ramses;4 tahun lalu;Lumayan bagus..;Positif
Arjuna Rentcar;4 tahun lalu;Air terjun yang indah;Positif
Ferry Irawan;4 tahun lalu;Sangat bagus;Positif
niken lanovi;4 tahun lalu;Keren pokoknya ma;Positif
fahrudi ifai;4 tahun lalu;Cukup bagusss;Positif
Bojes Farm;4 tahun lalu;Lumayan indah..;Positif
Mila Milano;4 tahun lalu;Sangat Bagus;Positif
Syaki Farhan;4 tahun lalu;Lumayan Indah;Positif
Satunya Satunya;4 tahun lalu;Bagus bingit;Positif
Mohammad Irfan;4 tahun lalu;Strategis dan indah;Positif
Mas Deto;4 tahun lalu;Keren abiss cuyyy;Positif
Sinap Sinap;4 tahun lalu;Kurang indah;Positif
Makbul Faqot;4 tahun lalu;Sangat indah;Positif
Robbi Indra Wiguna;4 tahun lalu;Murah;Positif
Sampoerna Mild;4 tahun lalu;Keren;Positif
Rahmat Hidayat;4 tahun lalu;Indah;Positif
Victor Honesto;4 tahun lalu;Bagus;Positif
Zainul Arifin;4 tahun lalu;Bagus;Positif
muhyidin firda;4 tahun lalu;Indah;Positif
James Farley;4 tahun lalu;Kecil tapi cantik. Orang-orang sangat baik!;Positif
Ken Guest;4 tahun lalu;Itu adalah air terjun yang jatuh ke laut. Tidak banyak lagi yang bisa dilihat dan tidak terlalu indah, tapi cukup menarik untuk dikunjungi. Warung kecil di atas oke, dengan makanan enak. Tersedia toilet.;Positif
Barry Russell;4 tahun lalu;Tidak apa-apa. Itu air yang jatuh ke laut, jadi keren! Akan lebih baik jika dijadikan tempat berenang dibandingkan sekedar tempat selfie. Namun untuk area ini boleh saja berhenti dan memeriksa selama 30 menit;Positif
Rakina Rahman;4 tahun lalu;Air terjun yang indah.;Positif
zaini Art;4 tahun lalu;Cantiknya.;Positif
Poeng;4 tahun lalu;Air yang indah jatuh di pantai;Positif
Rendy Lewerissa;4 tahun lalu;Memiliki pemandangan yang bagus untuk menghilangkan stres, terutama saat matahari terbenam;Positif
Sigit Purnomo;4 tahun lalu;Pemandangan indah...;Positif
Akmal Rizal;4 tahun lalu;Tempat yang bagus untuk dikunjungi.. Sangat direkomendasikan.;Positif
Reza Syahputra;4 tahun lalu;Tempat yang cukup bagus, tetapi perlu lebih banyak perbaikan.;Positif
Moh Bahri;4 tahun lalu;Pantai penuh yang indah dan menakjubkan;Positif
Ming Bee;4 tahun lalu;tempat yang sejuk dan indah untuk dikunjungi;Positif
Hasani an nawawi;4 tahun lalu;Bagus dan sangat bagus?????? …;Positif
Soqui Suqeje;4 tahun lalu;Tempat yang sangat indah.;Positif
dyah purwanti;4 tahun lalu;Air terjunnya biasa aja cuma letaknya langsung jatuh ke pantai itu yang bikin banyak orang penasaran,tempat untuk makan dan minum,toilet sudah ada tapi untuk mushola ada sih tapi bentuknya seperti gardu jaga.mestinya mushollanya dibuat jauh lebih baik agar waktu beribadah lebih nyaman.;Netral
Bang Tora;4 tahun lalu;"Entah berapa kali mengunjungi Pulau Madura, keliling melipir jalur pantura dan mengexplore obyek wisatanya. Mengexplore dari Bangkalan hingga Sumenep. Pulau ini selalu jadi ""jujukan"" saat kawan-kawan luar Jawa datang dan ingin merasakan …";Netral
Salsalah;4 tahun lalu;Air terjun yang menarik di daerah sampang airnya yang segar bisa digunakan untuk mandi mungkin ya, nyaman untuk wisata tapi kurangnya tempat duduk yang minim;Netral
Citra Kusvianawati S;4 tahun lalu;Tempat ini salah satu andalan destinasi wisata yang ada di Kab. Sampang. Pemandangannya sangat unik ditengah laut kita bisa sekaligus melihat air terjun dari sungai yang ada di Kec. Sakobanah;Netral
Nurhayati;4 tahun lalu;Pertama kali kesini, panas sih. Tapi terbayarkan sama air terjun yang menghadap laut lepas;Netral
selly maghfiroh;4 tahun lalu;kesini waktu air keruh dan musim hujan, kalau volume airnya naik sangat menakutkan.;Netral
Muhammad Syaifuddin;4 tahun lalu;"Lokasi.x dipinggir jalan jd gampang dicarinya.
Bs jd tempat singgah bentar menikmati suasana air terjun yang jatuh ditepi pantai.";Netral
alex hidayatulloh;4 tahun lalu;Kalau kesini pas musim kemarau saja. Biar tidak licin.;Netral
Edo Setyo;4 tahun lalu;air terjun yang langsung turun ke laut luas;Netral
Dwi Nugroho;4 tahun lalu;Potensial untuk dikembangkan, eksotik kpd pengelola tingkatkan kebersihan;Netral
Phantom R;4 tahun lalu;"Air terjun yang cukup unik karena air langsung jatuh ke pantai, sayangnya akses disini bisa dibilang masih kurang. Papan lokasi juga kurang memadai, jadi beberapa kali harus tanya-tanya ke warga sekitar. Jalur masuk cukup ""nyelempit"" …";Netral
Rezayutami;4 tahun lalu;Baguuus,,sayang gak bs buat main2;Netral
edy trirahmady;4 tahun lalu;ajibbbb...pantai dgn air terjun;Netral
rayda zean;4 tahun lalu;Good place untuk liburan family yah. Recommended buat wisata yang satu ini;Netral
IMAMUDDIN AP;4 tahun lalu;Sunset nya yang menawan sangat dinantikan, lokasinya yang dekat dengan jalan raya memudahkan kita untuk menjangkaunya. Kurang lebih 50km dari jembatan Suramadu, jadi persiapan perbekalan dan fisik karena perjalanan yang cukup lama. Waktu …;Netral
Alfan Nur Azizi;4 tahun lalu;Pemandangan pantai yang berpadu dengan air terjun...;Netral
Husnul Ika Safitri;4 tahun lalu;Karen, Air Terjun langsung nyatu dengan  Laut.;Netral
Asyam Mulayyan Dary;4 tahun lalu;Harga masuk akal, ikan kerapunya enak;Netral
Imam safi 1602;4 tahun lalu;Berada di jalur utara pulau madura. Air terjun ini terbentuk dari saluran irigasi sawah warga, jadi tidak di sarankan untuk bermain air di bawah air terjun.Waktu paling baik untuk ke air terjun ini adalah menjelang matahari terbenam karena …;Netral
Siti Maulidiyatul;4 tahun lalu;Satu satu air terjun yang ada di sampang madura bagian udara, air terjun ini langsung bermuara ke laut sebut saja laut jawa. Tinggi air terjun ini mungkin sekitar 5-7 meter diatas permukaan air laut. Airny terlihat biru kehijauan tetapi …;Netral
anang susilowanto;4 tahun lalu;Tempat yg cocok untuk bercengkrama dan kuliner bersama keluarga;Netral
Thetutorials 95;4 tahun lalu;Wisata air terjun yg jatohnya lngsung ke pantai.. Jdi kita bisa dpet 2 wisata sekaligus. Waterfall dan pantai.. Parkir mobil 10 rbu.. Tanpa karcis masuk.. Inget tanpa krcis masuk..;Netral
Adinda;4 tahun lalu;baguuss bangett asliiik ky poto kalender kalo pake background air terjun inii, air terjun di samping lautt, masuknya gratis ada tempat makan, ada bbrp spot foto;Netral
A. I. R MUMTAZ;4 tahun lalu;Perlu pengelolaan yg lebih baik dari segi fasilitas penunjang lainnya agar pengunjung lebih tertarik karena setelah berkunjung satu kali kalau kondisinya itu itu aja pasti males untuk datang lagi;Netral
abdus salam;4 tahun lalu;Tempatnya asyik, alami, akses masuk mudah karena hanya dipinggir jalan...tapi tlg hati-hati untuk yg membawa lansia krn naik turun tangga...kulinernya juga mantab...;Netral
Bella Rizqa Idha Ayu;4 tahun lalu;Air terjun toroan merupakan wisata yang wajib dikunjungi untuk para wisatawan, dikarenakan lokasinya yang tidak membahayakan seperti air terjun pada umumnya. Sayangnya air terjun toroan saat ini belum banyak di kenal masyarakat, padahal air terjun toroan sangat menarik. ?? …;Netral
Mohammad Zafradi Wagiono;4 tahun lalu;Banyak spot foto, tiket masuk hny bayar parkir saja mobil 10rb n motor 5rb ad musholla kecil dan toilet;Netral
Ali Muqoddas;4 tahun lalu;air terjun tempat bermain disaat kecil dulu dulu pasirnya masih utuh sekarang di keruk tiap hari yang tersisa hanya batu karang;Netral
sunarto narto;4 tahun lalu;Tempatnya asyik ditepilaut;Netral
Pipit Chiko97;4 tahun lalu;Walopun prjlnn yg sgt jauh gak masalah tmpat ini perlu dikunjungi.. Sangat mempesona..air terjun Toroan ini langsung menuju ke laut... Pokoknya karunia Allah sangat luat biasa sempurna..;Netral
pintu ajaib;4 tahun lalu;Lokasinya berada di tepi laut. Merupakan air sungai yang turun langsung ke laut. Saat terbaik melihat air terjun ini adalah sore hari.;Netral
wardah lovers;4 tahun lalu;"Sangat cocok untuk refreshing,
Menghilangkan fikiran tidak tenang akibat dari sibuk bekerja..
Inilah solusi yg pas untuk anda.. …";Netral
Luluk Latifah;4 tahun lalu;Lumayan,tpi tidak bisa di buat untuk berenang;Netral
Imtiyaz Nurul Q;4 tahun lalu;It's okay. Banyak spot2 foto diatas, di bagian bawah air terjun spot foto terbatas.;Netral
Maulida N H;4 tahun lalu;"Inget ya, air terjunnya itu yang langsung jatuh ke pantai
Bukan yang buatan wkwk …";Netral
Heyri Subastian;4 tahun lalu;Tempatnya cuma buat foto dan santai max paling 20org buat spot, sayangnya ga bisa buat berenang;Netral
Hedin Hendratarto;4 tahun lalu;Parkir kurang, menuju lokasi air terjun jalannya sangat sempit sehingga berjubel....;Netral
Damairi Usman;4 tahun lalu;Mungkin ini air terjun satu2nya di madura. Asik juga sih pemandangannya karna air terjunnya di tepi pantai... ???????? …;Netral
Capten Fatah;4 tahun lalu;Asik untuk berlibur,tapi kurang satu gabisa renang di bawah air nya..;Netral
Juhriyanto;4 tahun lalu;Sangat cocok untuk Refresing;Netral
Ach.farhan Ramadhan;4 tahun lalu;Lokasi wisata yg masih perawan,perlu sentuhan seniman agar kedepan lebih baik;Netral
abdul kholik;4 tahun lalu;"Ada bbrapa spot yg kurang terawat,
Toilet lebih2..";Netral
Mey 21;4 tahun lalu;Untuk yg ska wisata air terjun+ pantai bisa di coba ke sne;Netral
Safik Gio;4 tahun lalu;Tempat ini sangat sejuk dan nyaman dan wahananya sangat menyenangkan;Netral
Ali Hamzah;4 tahun lalu;Air terjun di jalur pantura jawab, tepat berada di pinggir pantai;Netral
Galih Wijaya;4 tahun lalu;Tujuan wisata yg lumayan searah dg pantai nepah;Netral
Derid 1212;4 tahun lalu;"Amazing
Air terjun yang jatuh langsung ke laut
??????
Wonderful …";Netral
pay ical;4 tahun lalu;Recomended;Netral
Arisusanti 490;4 tahun lalu;Lumayan jauh tempat'e,,,,;Netral
fifin syafi;4 tahun lalu;Masuknya gratis hanya bayar parkir kendaraan;Netral
Agus Salim;4 tahun lalu;Panorama yg elok cocok buat rekreasi keluarga;Netral
Zuliani Dalimunthe;4 tahun lalu;Air terjun yang airnya bermuara ke laut...;Netral
family time;4 tahun lalu;Jalan raya menuju tempatnya sempit;Netral
abdul qodir;4 tahun lalu;Alternatif wisata pantura;Netral
Gusti Ard;4 tahun lalu;Air terjun alami yang jernih jatuh ke laut;Netral
Mas Fattah;4 tahun lalu;Mungkin kalo bisa lebih bersih lingkungan sekitar akan lebih sipp;Netral
Suharyono Eko Prasetyo;4 tahun lalu;Air terjun langsung ke laut lepas...;Netral
Ika Fitria Rahma;4 tahun lalu;gilasih, sunsetnyaa parah abiss ehe;Netral
Mask of Smiling;4 tahun lalu;Ada toiletnya...ada musholanya..;Netral
Markaz Channel;4 tahun lalu;Airnya bening dan suasananya sejuk;Netral
Risky Putra;4 tahun lalu;Mantp air terjun pinggir pantai;Netral
Sholichul Hadi;4 tahun lalu;Air terjun langsung kelaut;Netral
Eko Mustiyono;4 tahun lalu;lumayan, cuma kurang tertata dengan baik;Netral
ALI ARIFIN;4 tahun lalu;Tempat lumayan bersih dan nyaman;Netral
Dito Erlangga;4 tahun lalu;Rugi saya datang saat sedang keruh;Netral
Uzh Madury;4 tahun lalu;Alamiah banget. Pas buat suasana wekend;Netral
Ita Purwanti;4 tahun lalu;Kereeennn abiiizzz... Pengen kesana lagi...;Netral
Heri Purnomo;4 tahun lalu;Perlu sentuhan lagi agar lebih bersih;Netral
Raqi Zidan;4 tahun lalu;tempatnya bersihdan rapi amazing;Netral
Abu Nayeef;4 tahun lalu;Good pemandangan nya;Netral
ongko wijoyo;4 tahun lalu;Sejuk, masih alami;Netral
Rosis Zeini;4 tahun lalu;Mantap;Netral
Aiinie Nozya;4 tahun lalu;Tenang . Sepi;Netral
Nur Hidayat;4 tahun lalu;Akses mudah,,, lokasi di pinggir jln;Netral
Uzzy Gepenk;4 tahun lalu;Senang bersama teman disana;Netral
Zay Nuddin;4 tahun lalu;Okey tapi kurang perawatan;Netral
Muqorrobin project;4 tahun lalu;Tak suka;Netral
Mulyo Manggih Widodo;4 tahun lalu;Kurang pengembangannya...;Netral
Nyimas Khanza Saskhi Nabila;4 tahun lalu;gada apa apa sih, kurang seru;Netral
Daikong Shitami;4 tahun lalu;Jauh sekali;Netral
Mamat Toroan;4 tahun lalu;Temapat enak dan aman;Netral
GSA Bangkalan;4 tahun lalu;Buat refresh sejenak;Netral
Jakfar Sodiq;4 tahun lalu;Puas, mantap;Netral
Kaconk MD;4 tahun lalu;Alhamdulillah;Netral
Fausi Amiin;4 tahun lalu;Mantab;Netral
Andre Susanto;4 tahun lalu;Lumayan;Netral
Hamdan Yuwafi;4 tahun lalu;Sejuk;Netral
Abd Hanan;4 tahun lalu;Biasa;Netral
Uyunks Regas;4 tahun lalu;Seru banget;Netral
Atik Rosita;4 tahun lalu;Mayan;Netral
agus ardiana;4 tahun lalu;Nyaris sempurna;Netral
Sudarmanto Darmadji;4 tahun lalu;wisata alam;Netral
Paramitha;4 tahun lalu;Air terjun yang sejuk di dekat pantai, tidak terlalu ramai. Orang tidak diperbolehkan mandi di air terjun. Batuannya cukup licin. Masuk gratis, hanya bayar parkir. Masih banyak hewan-hewan kecil di pantai seperti kelomang dan ikan-ikan …;Netral
Anas Jhaya;4 tahun lalu;Wow;Netral
Gandi Tan;4 tahun lalu;Tempat yang Direkomendasikan;Netral
Imatus Solicha;4 tahun lalu;Airnya sangat segar;Netral
PJ Curious;4 tahun lalu;Air yang mengalir jernih, langsung di samping laut persis jadi dapat dua keuntungan kalau kesini (suasana air terjun dan desiran ombak pesisir laut). Sayang sekali masih banyak sampah yang terbawa aliran. …;Negatif
Ucie Item;4 tahun lalu;Jauuuuuh dari pusat kota tp jalan nya halus dan lebar. Nyaman perjalanan kesana dengan hamparan sawah yang hijau. Pantai dan mushola agak kotor;Negatif
Miki Djaya;4 tahun lalu;Akses ke sananya masih susah, syg sekali.. Jalannua jelek dan sempit.. Serta jangan malam2 karena gelap tidak ada lampu;Negatif
kang SAMY;4 tahun lalu;Beda sama yg di foto...  Kotor sekali..;Negatif
B channel;4 tahun lalu;Datang pas air pasang, jd kurang bagus;Negatif
Achmad Renaldi;4 tahun lalu;Mantul, hanya saja sampahnya;Negatif
BAGAS PUTRA;4 tahun lalu;Parkirnya Mahal;Negatif
DewantaraID;4 tahun lalu;Sampahnya mengganggu;Negatif
Retha Wiyono;4 tahun lalu;Jelek dan kotor;Negatif
Sahid Hasan;5 bulan lalu;sayang sekali pas waktu berkunjung kesini debit airnya lagi tinggi dan air laitnya lagi pasang, tapi untuk tempat parkir dan kebersihan cukup bagus dan tempatnya nyaman;Positif
Ara fiansyah;5 bulan lalu;Bagus tempatnya dan dikelola dg baik,cuma butuh edukasi buat pengunjung biar ga buang sampah sembarangan. Tempatnya cukup bersih,tapi memang ada beberapa sampah kecil yg aku liat dan tidak cukup mengganggu;Positif
agus kurniawan;5 bulan lalu;tempat wisata murah meriah.ada tempat makan jg.cocok buat tempat healing coz masih sepi;Positif
Agung lau Official;5 bulan lalu;Keren n alami;Positif
Dini's Collection;5 bulan lalu;Bagus ..;Positif
Kholik Hamid (Kholik);5 bulan lalu;Pemandangan yg indah;Positif
Kursi manja;5 bulan lalu;Selain wisata pantai ada juga bujuk nyai dewi sebagai wisata religi;Netral
RAHMAN SAJA;5 bulan lalu;Air terjun toroan. Semakin berbenah. Fasilitas semakin lengkap;Netral
Joko Regama;5 bulan lalu;Tempat nyaman buat wisata keluarga;Netral
deddy dosis;5 bulan lalu;Tempat yg cocok untuk liburan keluarga;Netral
Aries;5 bulan lalu;tempat yang cocok untuk acara keluarga?????? …;Netral
Dsrism -;5 tahun lalu;"Viewnya baguss,, apalagi yang doyan foto & selfie, recommended banget deh.
Air terjun yg langsug mengarah ke laut utara jawa, tapi sayang tidak diperbolehkan renang di air terjunnya. …";Positif
Rahmi Saptarianti;5 tahun lalu;Melipir ke sini...Air Terjun Toroan adalah salah satu air terjun yg indah di Madura, buat saya unik karena air terjun ini langsung mengalir ke laut Utara Jawa. Biasanya kalo pengen liat sunset ke pantai identik sama pasir kan? Nah di Toroan …;Positif
Rud Yanto;5 tahun lalu;Tempatnya keren, ada cafenya juga... Tapi sayang kotor , air terjunnya keren dalam gak bisa buat mandi..  mungkin kotor karena di atasnya ada sungai jadi warga kampung di atasnya buang sampah sembarang an;Positif
Setya Saf;5 tahun lalu;Menurut saya pribadi ini tempat terbagus di madura heheee selain bukit kapur otentiknya. Aslinya kalo dilihat dr atas, sungai yg menjadi Hulu air terjun cukup kotor dan membawa sampah, tapi setelah terjun menghasilkan pemandangan yg ciamik. …;Positif
Ligar Syam Rama;5 tahun lalu;"Lokasi sekitar 80 km dari jembatan suramadu, tp dengan jalan yg lumayan bagus dan sepi jd g trlalu bosen d jalan.
Sampai d lokasi langsung saja parkir, tidak dipungut biaya masuk lokasi air …";Positif
Abbu 1234;5 tahun lalu;enak buat tempat istirahat sebentar,trus pemandanganx lumayan bagus dan murah meriah,,,?????? …;Positif
faiqotul isma dwi utami;5 tahun lalu;"Super keren twmpat ini...

Air terjun langsung ke laut lepas
Masuknya free, cma bayar uang parkir motor 5000 aja";Positif
Ila Muizza;5 tahun lalu;Tempatnya bagus dan sejuk. Masuk gratis. Cuma bayar parkir 5rb. Kalau ke sini cobain foto dari atas air terjunnya. Lihat pemandangan di bawah dari atas. Lokasinya deket toilet.;Positif
Muhammad Nur Adil;5 tahun lalu;Terbayarkan dengan panorama yang indah, gabungan antara air terjungan dengan pantai sangat memanjakan mata.;Positif
Zada Artanti;5 tahun lalu;Air terjunnya bagus bangett. Airnya ngalir langsung ke pantainya. Disuguhi warna air terjun yang bikin gapengen pulang. Dan disana juga menyediakan tempat makan yang nyaman banget dan bisa liat pemandangan sambil makan juga. Bagus deh pokoknya. Kalian harus kesini explore Indonesia yang cantik.;Positif
Tri Junaedi Sabri;5 tahun lalu;Air terjun ini bagus untuk fotografi. Cman kurang bagus untuk bermain air karena tempatnya banyak batu dan airnya biasanya ndak jernih. Untuk fasilitas di sini sudah mulai berbenah, toilet sudah ada. Restoran kecil kecilan juga tersedia. Jadi setelah motret bisa nongkrong makan di sini.;Positif
Bob Indra;5 tahun lalu;Tempatnya bagus sekali, sekitar 2 jam dari Jembatan Suramadu, melalui kota Bangkalan.;Positif
20-191 Rama priyadi;5 tahun lalu;Airnya terjunnya yang indah, dan juga pemandangan lautnya yang baguss, pokoknya gak nyesel kalo kesana;Positif
agus prasetyawan;5 tahun lalu;Bagus lokasinya cuman kurang bersih di lokasi;Positif
Trio Mardjoko;5 tahun lalu;Dari Suramadu, jalan menuju lokasi bagus dan beraspal semua. Lokasi wisata bersih dan cenderung agak sepi. Toilet agak jorok.;Positif
Nor Khakim;5 tahun lalu;Bagus, air terjun dg pantai.. Apik kalo air terjun nya ndak begitu deras, dan pantai agak surut.;Positif
Supriyadi Supriyadi;5 tahun lalu;Bagus airnya hanya menataan kurang maksimal.knp Pemda g turun tangan kan itu aset daerah;Positif
Abdur Rouf;5 tahun lalu;Satu-satunya air terjun yang langsung menjorok ke laut di pulau Madura. Merupakan salah satu air terjun terindah di Madura, yang mana airnya selalu mengalir deras walaupun di saat musim kemarau. Tidak ada petugas keamanan di sini, jadi ada …;Positif
Papa Rasya;5 tahun lalu;Bayar masuknya 10000 cuman kalo datang kesini d saran kan jangan musim hujan karena debit air terjunnya jadi besar dan keruh percuma jadi gak bisa lihat view yang bagus. Sama kadang pantainya kotor banyak sampah.. tp kalo bukan musim hujan bagus sekali;Positif
Joan Atma Gunawan;5 tahun lalu;Destinasi wisata nya bagus banged...tapi mohon hati hati y guys...di tempat ini pengunjung tidak di perbolehkan mandi...alasannya untuk menjaga alamnya tetap utuh dan bagus...selamat berkunjung.;Positif
Arga Fabian;5 tahun lalu;Saya kira bakal bagus gimana. jalan tak terawat. sarana foto pada venue hanya sebuah jembatan buatan kecil. dengan latar belakang ibu-ibu yang sedang mandi dan mencuci ???? …;Positif
Fuady Bahari;5 tahun lalu;Salah satuari terjun di madura, berada di pesisir pantai utara berjarak ±45 km dari pusat kota sampang. Menawarkan keindahan air terjun setinggi 3m yang langsung bermuara ke laut lepas sampai paparan laut utara yang mempesona sehingga waisatawan dapat menikmati sunrise pada pagi hari dan sunset pada sore hari;Positif
TaeKwonDo Kidz;5 tahun lalu;Ga keren.. masih butuh dibersihkan area utk nonton air terjunnya.. baik airnya maupun tumbuhan sekitarnya;Positif
Anastasia Aozora;5 tahun lalu;"Ketempai ini pas banjiiir..  Sediiiih... Padahal bagus.. Jadinya ngeri..
Saran aja..  Kesini pas sore hari dan pas nggak musim hujan ya..
Jadi bisa lihat sunset,  air terjun dan pantai sekaligus";Positif
udin bifadhlilah;5 tahun lalu;Bagus, cuma airnya kurang jernih karena hujan deras sebelumnya, semoga sampah dipantainya bisa dibersihkan...;Positif
ach choirul;5 tahun lalu;Tempat asyik untuk bersantai bersama keluarga sambil menikmati indahnya deburan ombak dan gemericik air terjun;Positif
Edwin Ardiansah;5 tahun lalu;Tempat bagus buat foto2;Positif
Jumiya Oke;5 tahun lalu;Ya perlu dimaksimalkan pengelolaannya karena tempat ini sangat bagus sbg anugerah Allah perlu disyukuri;Positif
Antic 12;5 tahun lalu;Bagus.. Asyik ..banyak bebatuan yg bisa buat duduk2 sambil  main air & buat foto2an;Positif
Fortunata Riana;5 tahun lalu;Disarankan lebih bagus pas musim kemarau. Airnya jernih, kalau musim penghujan airnya keruh;Positif
Alfarizy Ajha;5 tahun lalu;Air terjun-nya bagus dan enak buat selfi, Pantai-nya juga sangat bagus suasananya juga mendukung.;Positif
Fasta Awdesy;5 tahun lalu;Tempat nya bagus;Positif
arseta sida;5 tahun lalu;Air terjunnya bagus tapi sayangnya sekitar kurang terawat;Positif
Indra Mahendra;5 tahun lalu;Air terjunnya keren deket laut tinggal dijaga dengan baik;Positif
Alfiyah Nada Trianah;5 tahun lalu;Air terjun yang langsung mengalir ke lautan dipadu dengan sunset yang indah, luar biasa.;Positif
Muhtarial Alfan;5 tahun lalu;Air terjun yang indah..namun sayangnya belum dikelola secara optimal..;Positif
Irena Anindita;5 tahun lalu;Bagus, tapi kotor byk sampah. Mhon pemerintah setempat mengelola dgn baik;Positif
Nury Damwijk;5 tahun lalu;Pemandangannya sangat bagus. Air terjunnya  tinggiiiiiii;Positif
achmad alwy;5 tahun lalu;klo musim hujan kurang bagus air nya g jerni .....;Positif
rifmi utami;5 tahun lalu;Amazing place...bagus untuk tadabur alam, tp tdk untuk mandi...;Positif
Mazz Bakirz;5 tahun lalu;Karna tempatnya sejuk dan bagus Untuk menenangkan fikiran;Positif
Siens Harianto;5 tahun lalu;Indah,,,;Positif
Ufi Azki;5 tahun lalu;Bagus. Cuma jauh bangetttt. G terbalas dengan capekknya di jalan;Positif
Mas Sory;5 tahun lalu;Pemandangannya bagus;Positif
Soegiarto Soegiarto;5 tahun lalu;Air Terjun yang indah yg airnya langsung ke laut, lokasi ketapang sampang madura;Positif
Aynta Rimahim;5 tahun lalu;Bagus banget aku suka??pengen liburan ke madura lagi bareng keluarga …;Positif
Arif Y;5 tahun lalu;Bagus view photo karena langsung turun ke laut;Positif
Anisa Fitri;5 tahun lalu;Tempat ini bagus dan juga memberiku kenangan indah yang tak terlupakan;Positif
Adi Wardiyanto;5 tahun lalu;"Mantap, sejuk dan indah
Oke la pokoknya...";Positif
Mas Jali;5 tahun lalu;Sungguh indahnya melihat air terjun ini;Positif
Moch Chodri;5 tahun lalu;"Tmpatnya yg alami,,,
Bagus buat hunting..?? …";Positif
Sory Cassanova;5 tahun lalu;Tempat dan pemandangannya sungguh bagus;Positif
Azmi Mamee;5 tahun lalu;Tempat bagus si,  tapi kurang terawat;Positif
Syafi'i Ns;5 tahun lalu;Tempatnya bagus, cm belum dikelola dengan baik;Positif
eksa avanda mukti;5 tahun lalu;Salah satu Tempat Keren di Madura. deket Laut dan jalan Aspal juga;Positif
Ars Ns;5 tahun lalu;Bagus indah masuknya cuman 10000;Positif
William Patrick;5 tahun lalu;Bagus,  tpi sayang kurang kerawat;Positif
Mrs. VE;5 tahun lalu;Pemandangan indah, butuh sentuhan tangan pemangku kekuasaan;Positif
Ardik Wijayanto;5 tahun lalu;Bagus, air terjun ke pantai;Positif
ROHIL AUDIO OFFICIAL;5 tahun lalu;Air terjunnya indah;Positif
Muhammad Nefil;5 tahun lalu;Air terjun yg indah;Positif
Aris W;5 tahun lalu;Masih bisa digarap lebih bagus lg;Positif
Sengkok Romli;5 tahun lalu;Temapatnya indah dan sangat strategis;Positif
Shiddik Dolar Damay Nya Pncr;5 tahun lalu;Klo madura sungguh indah sekaliy;Positif
risman ynt;5 tahun lalu;Bagus unik alami;Positif
Alfian Risky;5 tahun lalu;Karna tempatnya sangat indah;Positif
O-Gear;5 tahun lalu;Tempatnya bagus;Positif
arnanto nugroho;5 tahun lalu;Lumayan bagus;Positif
Faisoll Akbar;5 tahun lalu;Air yg indah;Positif
Luluk Mukarromah;5 tahun lalu;Sangat indah dan bangus;Positif
As'ad Yahya Syafi'i;5 tahun lalu;Indah sekali;Positif
Muhammad Afandi;5 tahun lalu;Sangat indah;Positif
dian Kurniasih;5 tahun lalu;Keren,, instagramable..;Positif
Muhammad Prasetyo;5 tahun lalu;Keren tempatnya;Positif
Juarieko Arganta;5 tahun lalu;Keren;Positif
Ariful Azis;5 tahun lalu;Bagus;Positif
kang sukir;5 tahun lalu;Indah;Positif
agus pendekar;5 tahun lalu;Bagus;Positif
Mely Elkholidi;5 tahun lalu;Bagus;Positif
Omega Lesta;5 tahun lalu;Indah;Positif
sarika arinta;5 tahun lalu;indah;Positif
Zurach Bhajink Sakti;5 tahun lalu;Karena bagus;Positif
Erdiant Rendy;5 tahun lalu;Madura keren;Positif
alam cahya;5 tahun lalu;Air terjun mini terbaik! Meski butuh 3 hingga 4 jam untuk sampai ke sana dari surabaya. Tapi it's worth it, ada pemandangan matahari terbenam yang bagus dan air segar dari air terjun, air terjun itu sendiri jatuh ke laut dan memiliki pemandangan air yang jernih. Bagus!;Positif
Johan HP;5 tahun lalu;Tempat yang damai dan indah! Waktu terbaik ke sini adalah saat matahari terbenam (sayangnya, saya tidak bisa melihat matahari terbenam di sana karena saya pergi ke sana saat musim hujan). Tapi berfoto di sini saat jam biru juga bagus. Saya …;Positif
Christian Wijayanto;5 tahun lalu;air terjun kecil, namun aksesnya mudah, dekat jalan umum. panorama saat matahari terbenam sangat indah. anda bisa turun ke bawah air terjun untuk mengambil beberapa gambar, namun hati-hati karena disekitar sana banyak terdapat bebatuan. …;Positif
MTegar RSaputra;5 tahun lalu;tempat yang bagus untuk beristirahat ketika Anda sedang dalam perjalanan panjang;Positif
Kita Pritasari Arumdati;5 tahun lalu;Akses mudah, area cukup bersih, air jernih, air terjun tepat di pinggir pantai. Tempat yang bagus untuk foto-foto dan bersantai di tepi pantai dengan air terjun yang mengalir di belakang. Gratis, hanya biaya parkir. Tersedia toilet, kamar mandi, dan Mushola dengan peralatan sholat di dalamnya (Alquran, mukena, sarung, dll);Positif
Faisal Al Shehri;5 tahun lalu;Sebagai pemandangan yang sangat indah dianggap air terjun dari tanah yang turun ke laut, masalahnya air air terjun itu mengalirkan kotoran ke dalamnya, karena sangat tercemar, kebersihannya harus dijaga. tidak ada rumah peristirahatan atau kafe di dekatnya.;Positif
Buhari Stisindo;5 tahun lalu;Pemandangan yang bagus.. Luar biasa;Positif
M. Anwarsyam Mohamad;5 tahun lalu;tempat yang bagus;Positif
Natsuri Afroh;5 tahun lalu;Bagu jgk ya payment danga pun bagus;Positif
Novian3 DK;5 tahun lalu;Ada tempat yang bagus untuk perjalanan Anda di pulau;Positif
Herlina Halim;5 tahun lalu;Perlu lebih banyak fasilitas untuk mengambil gambar yang bagus;Positif
Graeme Ts;5 tahun lalu;Air terjun air tawar yang bagus ke Laut Jawa.;Positif
Bayu K;5 tahun lalu;Tempat yang bagus untuk berburu foto dengan inspirasi liar;Positif
ibnu widagdo;5 tahun lalu;Bagus;Positif
Retno Tri Lestari;5 tahun lalu;Air terjun yang bagus;Positif
Nurul Hudi;5 tahun lalu;Air terjun yang indah;Positif
Yudi Priyono;5 tahun lalu;Cantik;Positif
Muh. Sifaul Muztahid;5 tahun lalu;Toroan Waterfall is Waterfall that directly meet sea. Actually even this place is small but it's quite beautiful place. Now days this place is really crowded by many local tourist and there's trash everywhere. This place looks like is still …;Netral
RnT;5 tahun lalu;Lokasinya berada di pinggir jalan pantura Madura sehingga sangat mudah dijangkau. Pertama kali sampai, pemandangan laut biru menyambut. Air Terjun Toroan memiliki keunikan menghadap langsung ke laut. Untuk menuju lokasi air terjun kita …;Netral
Tamamul Anwar;5 tahun lalu;Suasananya nyaman.  Dari kota sampang ke sini butuh waktu  kurang lebih jam.  Disini terdapat 3 air terjun   1 lebar dan 2 kecil. Rekom buat teman teman yang ada di daerah sekitar sampang.  Bisa buat memajakan mata.  Foto di ambil saat siang hari.  Eh iya harga parkir nya juga standar kok.;Netral
tufail aulia;5 tahun lalu;Air terjun toroan, dilengkapi fasilitas musholla, toilet, warung makan kadang buka kadang tutup, mudah terlihat dari jalan raya. Wisata masih alami hanya kena parkir R4 10.000, R2 5000. parkir luas dan nyaman.;Netral
fadel abu aufa;5 tahun lalu;Anda lewat pantura madura, rasanya kurang lengkap tanpa mampir di air terjun toroan tepatnya di ketapang timur kabupaten sampang, air terjunnya langsung jatuh ke laut dan satu-satunya di madura dan sekarang sudah ada rest area, tempat parkir, rumah makan serta toilet;Netral
Agus Purnomo;5 tahun lalu;Menarik, menyenangkan ada tempat makan lesehan utk sekedar istirahat dn mengisi perut dg pemandangan pantai sipp;Netral
Ny. Warta;5 tahun lalu;amazing! suara debur ombak + gemuruh air terjun bener2 bikin fresh! sayang kurang terawat.. semoga pemda ada perhatian untuk mengeksploitasi air terjun toroan sbg destinasi wisata utama sampang;Netral
jelajah sumenep;5 tahun lalu;Air terjun yg langsung bermuara di laut,  untuk kesini bisa menghubungi kami..;Netral
Linda eLDe;5 tahun lalu;Good scenery,air terjun yg langsung bermuara ke laut,gag bakal nyesel;Netral
Tatang Decoration;5 tahun lalu;Seru banget.... Sangat memicu adrenaline apalagi saat ambil gambar dr atas air terjunnya...;Netral
Just Skip;5 tahun lalu;Wisata yang cocok buat kalian yang suka foto - foto dan refreshing;Netral
Tsurayya Kamila Novita;5 tahun lalu;Sarana dan prasarana masih harus terus ditambah sih. Dikelola lebih baik lagi. Agak panas banget daerahnya... Kurang tempat* berteduh ...hihi . Tp okelah untuk mampir tipis tipis...;Netral
Fatin Susanna;5 tahun lalu;Masih perlu pembenahan disana sini utk memudahkan pengunjung menuju sekitar lokasi tp setiap kesini selalu ada kemajuan;Netral
indi ra;5 tahun lalu;Air terjun langsung mengarah ke laut;Netral
Olievia P Mulyana;5 tahun lalu;Wisata alam yang dikelola secara alami oleh warga sekitar. Lokasinya dipinggir jalan dengan pentunjuk yang mudah terlihat. Air terjun ini langsung menuju laut jadi untuk foto kita harus menuruni tangga menuju pinggir laut jadi apabila …;Netral
Zhela Aspriela (Zh/A);5 tahun lalu;Rame disini, kalo cari kulineran disini banyak. Tapi seru kalo ke air terjunnya, kalo lagi pasang kayaknya sangat engga disarankan untuk mandi di air terjunnya. Cukup bayar parkir kendaraan disini. Lahan parkirnya juga luas bias motor dan mobil, bus pariwisata juga bisa.;Netral
Sigit Ardianto;5 tahun lalu;Air terjun di pinggir pantai.. Spot wajib para landscaper longexposure mania;Netral
Rio Wija (wijapuccino);5 tahun lalu;Air Terjun yang unik karena aliran airnya langsung menuju ke laut. Termasuk wisata 2 in 1 karena selain air terjun kita juga bisa menikmati pantainya. Nilai tambahnya air terjun ini terletak tidak jauh dari jalan raya.;Netral
nur faizal lisanto;5 tahun lalu;Air terjun langsung ke pantai.. menakjubkan.. kereen;Netral
Ilham Afandi;5 tahun lalu;Berada di arah timur Ketapang Daya hampir mendekati Ketapang bagian Timur. Letak geografis yang mumpuni membuat para travellers yang hendak pergi ke air terjun ini menjadi lebih mudah untuk dilalui. Sejalan dengan masyarakat disekitar …;Netral
Fathoni;5 tahun lalu;"Sabtu kmarin kesini... Oke lah.. Namun langit tak menampilkan warna senja nya.

Btw Sarung ku ketinggalan di Mushola hhiks,  tapi tak apalah mungkin ditakdirkan …";Netral
Gatot Arie;5 tahun lalu;Jangan Pernah Lelah Mencintai IndONEsia;Netral
Hammada Syarif;5 tahun lalu;Satu-satunya Air Terjun di Kabupaten Sampang, dan Pulau Madura. ada tempat parkirnya, untuk bukanya dari pagi sampai sore, bisa mendirikan tenda. spot sunset dan ada juga yang menjual makanan disana.;Netral
abidizaky;5 tahun lalu;Sekarang untuk tempat parkir dan rute ke toroan sudah gampang;Netral
Irfan Afandi;5 tahun lalu;Tempat terbaik buat sunrise sunset;Netral
Ismi Sari;5 tahun lalu;Tempatnya dikelola dengan baik... Semoga seterusnya begitu...;Netral
dedy bendot;5 tahun lalu;Air terjun kebanggaan masyarakat sampang pada umumnya, dan masyarakat Ketapang pada khususnya. Lokasi sudah mulai banyak perkembangan, sudah terkelola dengan baik.;Netral
Akhmad Firmansyah;5 tahun lalu;Amazing banget air terjun bertemu langsung dengan laut lepas, dan airnya yang jernih memanjakan mata setiap wisatawan yang hadir;Netral
Pangky Aja;5 tahun lalu;"Akses mudah
Tempat sangat mengesankan
Tapi sayang,karena dipesisir cuaca agak panas …";Netral
Adam Taufan;5 tahun lalu;Tempatnya masih alami. Sip banget tempat parkirnya nyaman sayang tempat jualan makanan cuman sedikit. Kalau bisa bawa perbekalan dulu sebelum menuju kesini;Netral
Tuan Kuda;5 tahun lalu;Sebaiknya wisata alam biarlah tetap alami, tanpa perlu dibangun ini itu. Bangunan malah bikin rusak;Netral
aditya wicaksono;5 tahun lalu;Lumayan buat refreshing. Tapi naik turun tangga menuju spotnya cukup menguras tenaga haha..;Netral
Imam Geniuez;5 tahun lalu;Menurut saya cakep banget klo sore pemandangan nya sangat mendukung sekali;Netral
Budi Asisi;5 tahun lalu;"Nampak beberapa nelayan dan pemancing
Ada tulisan dilarang mandi?? di air terjun …";Netral
Edi Kurniadi;5 tahun lalu;Panorama alamnya lumayan, sayangnya pantainya karang semua. Pasirnya dikeruk warga dan dijual;Netral
satrya tama;5 tahun lalu;Bagi pecinta alam cocok ya,tapi kalau habis hujan harap hati hati?? …;Netral
Susmiari S. Pd;5 tahun lalu;Air terjun menuju laut..  Cipratan jatuhnya air... Sejuk..;Netral
Theresya Beatriz;5 tahun lalu;Wisatanya kurang dirawat. Tidak bersih.  Cenderung biasa saja.  Jika kesini disarankan pagi hari saja;Netral
Eni Rosita;5 tahun lalu;Baru kali ini aku melihat air terjun langsung kelaut....takjub;Netral
Andre Rean;5 tahun lalu;Mantap kan bro :v;Netral
Arga Fabian;5 tahun lalu;kurang terawat, fasilitas minim. jarak toilet dengan venue lumayan jauh.;Netral
IZMUREEAN;5 tahun lalu;Tempat mudah terjangkau, mungkin kalau lebih bersih sedikit pasti nyaman;Netral
Hanan Indra Subakti;5 tahun lalu;Air terjunnya langsung k laut mantab deh pokoknya;Netral
Helmy Afrul;5 tahun lalu;Obyek foto yang ciamik ?????? …;Netral
Agil;5 tahun lalu;Sangat damai suasananya sejuk pemandangan;Netral
Siti Yanti;5 tahun lalu;Eksotik..;Netral
Billionaire Preneur;5 tahun lalu;Masih alami & bersih;Netral
Awi Frilian;5 tahun lalu;Wisata air terjun turoan;Netral
Wepa Jupiter;5 tahun lalu;Sangat seruu;Netral
Dicky Iwan Setiawan;5 tahun lalu;Lokasinya mudah dijangkau,  tidak ada tiket masuk;Netral
Marsuqy Sauqy;5 tahun lalu;Sulit ada air terjun jatuhnya ke laut;Netral
Abdul Asis;5 tahun lalu;Baik untuk penelitian ...!;Netral
Avid Anjala;5 tahun lalu;air terjun yang menarik langsung ke pantai;Netral
Ronny Hidayat;5 tahun lalu;Biasa saja;Netral
Erwin Brewok;5 tahun lalu;Wisata air terjun yg ada d Madura;Netral
Ahmad Puji;5 tahun lalu;Air nya dingin seger banget;Netral
Husyaimah Ima;5 tahun lalu;Intinya Suka Banget Sama Air Terjun Itu ???? …;Netral
Tuan Amos;5 tahun lalu;Biasa aja..dilarang nyemplung berenang;Netral
angga apache;5 tahun lalu;Mencari sunset..;Netral
Fadol Labo Labo;5 tahun lalu;Soal nya Satu2 nya air turjun di madura;Netral
Chusni Mubarok;5 tahun lalu;Air terjun langsung pinggir pantai;Netral
exgen 934;5 tahun lalu;Air terjun di padu sama laut;Netral
Frame8 Photoworks;5 tahun lalu;Cakep pada bulan 2 tertentu saja;Netral
Afida Anakmami;5 tahun lalu;Niagara KW ???? …;Netral
Ar Man;5 tahun lalu;Gelombang lautnya lumayan besar;Netral
kholil ahmad;5 tahun lalu;Salah satu destinasi wisata d Sampang, Madura;Netral
Saiful Anam;5 tahun lalu;Air terjun Toroan Memang Mantap;Netral
lilis maratus;5 tahun lalu;Tempat ini nyaman untuk berwisata;Netral
frandik us (prandik);5 tahun lalu;airnya kurang bersih;Netral
Mohamad Dimyati Yusuf;5 tahun lalu;lokasi terlihat dr jalan raya;Netral
Ridoi Ozora;5 tahun lalu;Bisakah mobil masuk;Netral
Adi Aja;5 tahun lalu;Air terjun toroan seruuuu....?? …;Netral
Zuhdi Sulaiman;5 tahun lalu;Masih dalam tahap perbaikan;Netral
Prasetyo Adi;5 tahun lalu;Sederhana.... Natural.... Tapi exotic;Netral
Achmad Ubaidillah;5 tahun lalu;Lumayan;Netral
Win Winarno;5 tahun lalu;Tempat yg enak unt santai;Netral
Abie Ole Olang;5 tahun lalu;Obyek Legendaris di Pantai Utara Madura;Netral
21-003_ Raihan Fadillah;5 tahun lalu;???????? …;Netral
Satria Imandaka Pradana;5 tahun lalu;Tempat terjangkau;Netral
Moh. Wahed Hasim Asary;5 tahun lalu;Air terjun so beautiful;Netral
Daniel Christianto;5 tahun lalu;Kurang terawat;Netral
hari subarno;5 tahun lalu;Air terjun Toroan ketapang;Netral
Lina Charel;5 tahun lalu;Biasa aja...;Netral
bari indro pratomo;5 tahun lalu;Tenang ...;Netral
Jabirut Tamam;5 tahun lalu;Tempat gitu tok;Netral
segianto 39;5 tahun lalu;Favorit para wanita..?????? …;Netral
Anggita Ayu;5 tahun lalu;Mengecewakan;Netral
Rud aulf;5 tahun lalu;Apik;Netral
Amirul seneng;5 tahun lalu;Waw;Netral
Nadhila Yusrina;5 tahun lalu;Mantap;Netral
Dark Yagami;5 tahun lalu;Tenang;Netral
Story Bola;5 tahun lalu;Eksotik;Netral
Nasir 57;5 tahun lalu;Sejuk;Netral
Mohammad Nurul Hidayat;5 tahun lalu;Alami;Netral
Purnomo Dwi Candra;5 tahun lalu;Top banget;Netral
Samm Samm;5 tahun lalu;Sip;Netral
Pote Tolang Mdr;5 tahun lalu;Sip;Netral
Erika Amelia;5 tahun lalu;layak dikunjungi;Netral
Dhay Hidayat;5 tahun lalu;Buaguss Buangett... ?? …;Netral
Prametha Armunanto;5 tahun lalu;View mantab;Netral
Mohammad Ferianto;5 tahun lalu;Air Terjun Toroan merupakan salah satu destinasi wisata di Sampang. Letaknya dekat dengan pasar tradisional Ketapang. Air terjun ini dekat dengan pantai sehingga airnya akan mengalir ke laut. Tempat ini tidak disarankan untuk anak-anak karena tidak cukup area bermain dan dilarang berenang di sini.;Netral
dian ekawati suryaman;5 tahun lalu;Air terjun unik. Airnya langsung jatuh ke laut/pantai. Inilah air terjun terbesar di Madura. Kita harus sangat berhati-hati saat berjalan di sekitar pantai dekat air terjun. Jangan pernah berenang di bawah air terjun.;Netral
???;5 tahun lalu;Sungai mengalir ke laut membentuk air terjun, airnya tidak terlalu bersih, dan biaya parkir 10.000;Netral
Baihaqi Bintang;5 tahun lalu;Salah satu spot foto terbaik di madura;Netral
Adam Victor Handoyo;5 tahun lalu;Tempat luar biasa untuk pecinta lanskap;Netral
Novel firdhaus;5 tahun lalu;Benar-benar tidak seperti yang saya harapkan, air terjunnya sangat kecil dan kami tidak bisa berenang juga tidak terlalu direkomendasikan.;Netral
Rose Diana Sari;5 tahun lalu;Air terjun mini di utara Pulau Madura..;Netral
faried alvino;5 tahun lalu;Air yerjun toroan sampang;Netral
Cristian Moreno;5 tahun lalu;Tidak apa-apa untuk perhentian yang menyenangkan dan bahkan untuk hidangan lezat!;Netral
Steven Ray W;5 tahun lalu;Sunyi, lingkungannya benar-benar tenang, asri, dan udaranya segar.;Netral
Ria Puspitasari;5 tahun lalu;Saya menyarankan Anda untuk mengunjungi tempat ini jika Anda berada di madura;Netral
Hendra Gunawan;5 tahun lalu;Tidak banyak yang bisa dilakukan, hanya mengambil beberapa foto;Netral
Antonius Masashi;5 tahun lalu;Juga ups;Netral
El Maulidy El Madury;5 tahun lalu;Yang terbaik;Netral
happy channel;5 tahun lalu;Tempatnya cukup menyeramkan;Netral
Rossie Vanzer;5 tahun lalu;Itu tidak luar biasa kau tahu;Netral
Bayu Al Fahmi;5 tahun lalu;Tempat Air terjun nya tidak terawat masih banyak sampah berserakan.;Negatif
SSC Reborn Studio;5 tahun lalu;lokasi dan spot alam yg menarik. tp sayang terlihat kumuh dan kotor. seharusnya jd tugas pemerintah setempat untuk mengelola dgn baik.;Negatif
Novi Wahyu;5 tahun lalu;Airnya kotor dan sangat deras jika musim hujan;Negatif
Jienz Ed;5 tahun lalu;Masih bnyak sampah yg berserakan;Negatif
Fridinal Deleshef;5 tahun lalu;Jelek;Negatif
Ani Arifah;5 tahun lalu;Perjalanan yang sangat jauh dari Bangkalan dengan permukaan yang tidak rata. Air sangat kotor / keruh dan tidak banyak ruang untuk mengambil foto! Tidak menyangka itu sebenarnya lebih buruk daripada foto di pencarian Google. Tidak akan merekomendasikan tempat ini untuk dikunjungi.;Negatif
Hidayatul Mustofa;6 bulan lalu;"Tempat yg bagus..
Air terjun alami..
Suasana adem.. …";Positif
Marcelles Caryabudi ST RFP;6 bulan lalu;"Tiket masuk 5000/orang
Parkir mobil 5000
Sudah di kelola dengan lebih baik daripada bbrp tahun lalu. Ada kamar mandi, …";Netral
Dwi Setyawan;6 bulan lalu;Sangat unik mungkin satu-satunya di Nusantara air terjun langsung ke laut. Mirip yang saya lihat di Jeju Korea Selatan;Netral
Hamidi Amir;6 bulan lalu;Pengalam jadi orang bodoh itu tidak wajib;Netral
Antonina Suryantari;7 bulan lalu;Tempatnya bagus tetapi agak kotor. Ada limbah tebu yang sepertinya dibuang di sekitar area sehingga ada bau tidak sedap yang tercium. Kalau areanya bersih, akan lebih menyenangkan menghabiskan waktu di sana.;Positif
Muhajir Al Mubarok;7 bulan lalu;Bagus bgt..;Positif
sam joss;7 bulan lalu;Pemandangan yang bagus untuk santai dengan keluarga;Positif
Sudari Saifuddin;7 bulan lalu;Indah dan asri;Positif
Dani Nuraztyo Wibowo;7 bulan lalu;Tiketnya sangat murah dan air terjunnya cukup menarik;Positif
edy humaidi;7 bulan lalu;Kennengennah nyaman cellep;Netral
Gabriel Pramana;8 bulan lalu;Pemandangannya bagus tempatnya nyaman. Tetapi sangat di sayangkan dialiran air terjun masih banyak sampah sampah plastik yang berserakan, alangkah lebih baik pengelola dapat membersihkan sampah sampah tersebut agar pemandangan jauh lebih baik lagi;Positif
M Lan (M_Lan97);8 bulan lalu;Bagus sekali;Positif
REANITA PUTRI ARDANA;8 bulan lalu;Kondisi setelah hujan, airnya jadi kecoklatan;Netral
Siva Prasad;8 bulan lalu;Tempat terbaik untuk dikunjungi, saya suka lokasi ini;Netral
Ali mahrus;8 bulan lalu;menyesap;Netral
nanang pribumi;8 tahun lalu;gak rugi datang kesini;Netral
Eriana Siskawati;9 bulan lalu;pemandangan yang sangat indah, cocok juga untuk orang orang luar kota yang berlibur di air terjun ini, Dan biayanya cukup murah.;Positif
Sunadi Ady;9 bulan lalu;Tempatnya bagus sejuk adem cuman perjalanannya aja yang agak melelahkan;Positif
enny herawati;9 bulan lalu;Bagus untuk dikunjungi;Positif
Luki Hidayah;9 bulan lalu;Patut dicoba, masih sangat alami, sebelum masuk infokan ke petugas airnya ada, krn kalau musin kemarau suka kecil debit air terjunnya;Netral
Humaidi depadeh;9 bulan lalu;Kurang baik pengelola lokasi;Netral
Rizqi Ramanda;9 bulan lalu;Info kontrak an dekat sini ?? …;Netral
Hobiburrohman Arrohman;9 bulan lalu;Sangat senanng dan bahagia;Netral
Mathusin bin harun Harun;9 bulan lalu;Toro'an dekat rumah saya;Netral
kharis putra;9 bulan lalu;Siip;Netral
Dito Donito;sebulan lalu;Tempat nya nyaman banget... Menu ikan bakar nya mantap banget.. Sering juga kesini...;Netral
Hendra Susanto;setahun lalu;Mantap viewnya bagus banget, terlihat masih asri dan air terjunnya langsung ke pantai;Positif
moh rasul;setahun lalu;Tempatnya bagus tolong di tambahkan tempat buat spot spot foto selain air terjunnya dan taman main untuk anak bisa di rekomendasi kan.;Positif
Faradina Ilma;setahun lalu;Kesana pas airnya deres banget. Tapi keren, bagus pemandangannya;Positif
candri maulida;setahun lalu;Tempat nya baguss,  pantai yang ada air terjun nya..  Untuk biaya masuk 5.000 perorang dan parkir motor hanya 5.000. Kesana paling enak pagi pas air surut jadi bisa foto di spot² yang bagus..;Positif
Joko Suprapto;setahun lalu;Pemandangan cukup bagus kebersihan lumayan bagus Smg LBH ditingkatkan lagi dg fasilitas yg bagus bisa bersaing dg wisata lainnya;Positif
Haryo Dwito Armono;setahun lalu;Hanya 2,5 jam dari Surabaya, leat jalur pantura Madura, jalan beraspal halus dan bagus. Sangat dekat dan bagus sekali. Jangan berenang dan mandi disana. Berbahaya, Foto-foto dan lihat2 saja, Bagus, ada cafe, musholla, kamar mandi. Parkir …;Positif
Laisa Tude;setahun lalu;Air Terjun Yg Bagus, Banyak Spot Foto Yg Keren';Positif
Tri Edy Sigit Pramono;setahun lalu;"Tiket masuk murah sekali hanya 5 ribu saja, pantai bagus, air terjun juga manambah panoroma yg langka..biasanya jarang ada air terjung dekat pantai cuma kisaran 50m..dari pantai, dan pantai banyak batu karang; bagus untuk selfi..";Positif
Super Yitno;setahun lalu;Tempatnya cukup bagus dan ada cafee dan toilet..;Positif
Andika Bayangkara;setahun lalu;Satu satunya air terjun di madura yang airnya terjun dari sungai langsung ke laut...bagus banget...kulinernya  mantap...yg recomended ikan bakar kembung maknyus;Positif
ISMA WATI;setahun lalu;Tempat bagus buat spot foto2 pinggir laut, ada air terjun. Bersih dan dilengkapi dengan tempat makan. Karcis juga murah cuma 5k.;Positif
a nurul hadi;setahun lalu;Salah satu keunikannya adalah air terjun yang langsung mengalir ke laut sehingga keindahannya sangat memanjakan mata. salah satu tempat wisata unit andalan kabupaten sampang madura, jarang ditemui di tempat lain;Positif
Ola Christine Official;setahun lalu;Tempat wisata dg panorama dan pemandanganyg sangat indah ... air terjun yg bermuara tepat dibibir pantai utara pulau madura sangat cocok utk tujuan wisata keluarga ?????? …;Positif
Bambang Mtx;setahun lalu;Tempat yang bagus dan indah;Positif
singgih andi;setahun lalu;Bagus tempatnya... Kalau mau kesini jgn pas hujan atau setelah hujan, krn air nya agak kotor;Positif
bang tito;setahun lalu;Tempat nya bagus dan instagramable banget, cuma kalau pas hujan airnya agak kotor....;Positif
Wisri Zanuar;setahun lalu;Lokasi mudah dijangkau dgn pemandangan yang sangat indah.;Positif
basuki mohamad;setahun lalu;Tempat nya bagus ... Air terjun yang langsung kelaut.;Positif
Wiwin RA;setahun lalu;Sangat Indah??;Positif
Nasrullah;setahun lalu;Tempat wisata yang bagus, bersih dan masih terkoordiner dengan baik;Positif
Yoena;setahun lalu;Pantai yang ada air terjunnya...bagus banget pokoknya ?????? …;Positif
Sukid Skd Skd;setahun lalu;Cocok untuk istirahat ngopi dan juga tempatnya indah untu Selfi.;Positif
siti rachimah;setahun lalu;Tempatnya nyaman dan indah... Pokoknya gak bikin kita kecewa... ???????????????????????? …;Positif
Samsul Arifin;setahun lalu;Tempatnya bagus ???? …;Positif
Yanuar Pratama Dicha Putra;setahun lalu;Sangat bagus indah dan sedikit panas;Positif
Fiqhi Rahmatullah;setahun lalu;Tempatnya bagus. HTM murah.;Positif
Dyfandio Daffa;setahun lalu;Keren, air terjun langsung k laut Jawa;Positif
Icank Icank;setahun lalu;Pemandangan yg amat indah;Positif
Ainul Anwar;setahun lalu;Lumayan keren;Positif
Alya Jasmien;setahun lalu;Tempatnya bagus;Positif
Koko Traveler sejati;setahun lalu;Lumayan bagus;Positif
Anton Siswanto;setahun lalu;Sungguh bagus banget;Positif
shole huddin;setahun lalu;Bagus;Positif
Davidson Davidson;setahun lalu;Unik dan cantik;Positif
hady riendy;setahun lalu;Bagus;Positif
Andrie Hermawan Putro;setahun lalu;Bagus;Positif
SAMSUL ARIFIN;setahun lalu;Bagus;Positif
Moh. Safirul Anam;setahun lalu;Indah;Positif
nasyaeif putra;setahun lalu;Bagus;Positif
Kristina Dameria;setahun lalu;"pemandangan air terjun yang bagus dan area berada di jalan utama sehingga aksesnya sangat mudah.
tiket masuk gratis tapi untuk parkir mobil harus membayar 10.000 rupiah per …";Positif
Phoebe Yulia;setahun lalu;Air terjun yang bagus dan menarik langsung menuju ke laut. Permasalahannya adalah banyaknya sampah di laut dan bebatuan di sekitar air terjun/pantai. Ebtry murah hanya 5 ribu. Jika Anda pergi ke sini, tolong jangan membuang sampah …;Positif
gede wijaya;setahun lalu;Tempat yang bagus untuk fotografer lanskap ?????? …;Positif
joni pri;setahun lalu;Tempat ini indah dan nyaman;Positif
entop topan;setahun lalu;pemandangan yang bagus;Positif
Abdullah Aziz;setahun lalu;Cantik & keren;Positif
My news 24;setahun lalu;Bagus;Positif
Vicky Faisal;setahun lalu;Air Terjun Toroan. Satu satunya air terjun yg ada di Madura. Yang mana sumbernya dari mata air alami yang langsung turun ke Laut. Lokasi air terjun ini berada di Desa Ketapang Timur Kecamatan Ketapang Kabupaten Sampang Madura. Lokasinya tepat di Pinggir jalan mempermudah wisatawan untuk berkunjung ke tempat ini.;Netral
muhammad ansani;setahun lalu;Tempatnya nyaman lesehan, makanannya lumayan banyak menu yg disajikan tentunya pinggir laut jadi dapat pemandangan sekaligus bisa menyantap hidangan;Netral
riko hannafi;setahun lalu;Air terjun turoan. Air terjun yg mengarah langsung ke pantai. Fasilitas lengkap ada mushola, parkir luas.tp sayang tidak boleh berenang di area air terjun.lumayan untuk liburan menikmati alam.;Netral
Donny AZHAR;setahun lalu;Tempat makan ikan bakar yang enak di pinggir jalan dan menghadap ke pantai;Netral
ar hakam;setahun lalu;"lumayan laah
.perlu ditambahkan bridge depan bawah air terjun nya ...";Netral
Bambang Eko Listrianto;setahun lalu;Air terjun muara sungai yg  cukup curam ,;Netral
Cak Arul;setahun lalu;"Parkir 5k
Tiket 5k";Netral
Mung Amarindro (Munks mung);setahun lalu;Gosok sedikit lagi;Netral
Jajak Sekitar;setahun lalu;Berdasarkan hasil wawancara kepada warga sekitar, Air Terjun Toroan menyimpan kisah tentang suami istri yang sama sakti antara Sayyid Abdullah dan Siti Marwah yang kini menjadi Buju' Panyeppen (sang istri) dan Makam Tinggi (sang suami). …;Netral
Nugraha Fahlevi;setahun lalu;PENGELOLA TEMPAT WISATA NYA RAMAH. TEMPATNYA SEJUK.;Netral
Frank Rush;setahun lalu;Satu2nya yg saya tau, air terjun dari sungai turun langsung ke laut;Netral
MOH. ERFANDI_0096;setahun lalu;Kontrakan terkuat di bumi;Netral
Faisol Junaidi;setahun lalu;Bisa di bilang satu²nya air terjun di pulau madura...???? …;Netral
Widjaya 2608;setahun lalu;kuliner ikan bakar lesehan mantaapp dan enak, bukber mantap tempatnya;Netral
Mahrus Zain;setahun lalu;Di keterangan Gratis, pas masuk dikenai tarif tiket 10.000;Netral
Muafi Muafi;setahun lalu;Hanya saja  tempat nya kurang terawat;Netral
Herida Madaya;setahun lalu;Kenangan masa sma dulu..saat masih natural tak terjamah;Netral
Dicky 2ndPart;setahun lalu;Sangat memuaskan...view g kalah sama bali;Netral
Rahmat Mashuri;setahun lalu;smakin berkembang mnjadi wisata pilihan muda mudi;Netral
Labisun Labisun;setahun lalu;Pemandangannya enak sejuk di rasakannya;Netral
Fakhrur Amin;setahun lalu;Air terjun yang langsng turun ke laut;Netral
Yudy Setyawan;setahun lalu;View buat selpie ok banget;Netral
Teguh Firmanudin;setahun lalu;Kurang di kelola dengan baik sayang sekali;Netral
MA Syahru dn;setahun lalu;Lumayan;Netral
Fandi Far;setahun lalu;Mudah menemukan lokasi yang diinginkan;Netral
Nanda F;setahun lalu;Kopi rempah nya enak;Netral
Alfan Isubahry;setahun lalu;suasana alamnya masih asri;Netral
Ri zal;setahun lalu;Menakjubkan;Netral
Itb Rony;setahun lalu;Ok banget;Netral
Andri Bahtiar;setahun lalu;Sesuai;Netral
Richo M Reza;setahun lalu;Tempat buat bengong;Netral
Fajar anugerah;setahun lalu;Banyak nyamuk;Netral
Amin Oziel;setahun lalu;Lumayan lah;Netral
Ridwan Ar;setahun lalu;mantap;Netral
Yayan Siregar;setahun lalu;Kereenn;Netral
Maz Nazir;setahun lalu;Ditambah  pelestariannya;Netral
RIZQI AFSOH;setahun lalu;Unik dan Seru..;Netral
wb 5758;setahun lalu;Mantap;Netral
abdul aziz;setahun lalu;Madura;Netral
hanif jidda;setahun lalu;Menyenangkan;Netral
hasbi umam;setahun lalu;Mengesahkan;Netral
Suria Nataadmadja;setahun lalu;"Air terjun buatan manusia, itu adalah luapan yang dialihkan dari sungai terdekat ke laut. Meskipun cerdik. Perlu berjalan menuruni tangga 50 langkah. Ada area kecil di mana orang bisa menikmati ""air terjun""";Netral
Gavin Mark Starkey;setahun lalu;Datang ke sini beberapa kali selama 5 tahun terakhir. Terlihat jauh lebih berkembang dan bersih. Makanannya enak dan tempat parkirnya cukup aman. Pelayanan di restoran tidak ramah pada kunjungan terakhir saya.;Netral
cantika nizam aluminium;setahun lalu;Sayang gak kerja ???????? …;Netral
Zainal Ritonga;setahun lalu;Mereuen;Netral
Fithra Asriyani;setahun lalu;Besar;Netral
Maskur Unlimited;setahun lalu;Murni;Netral
moh huzaini;setahun lalu;Atas;Netral
fhyt 3;setahun lalu;"Air terjun yg tidak terlalu tinggi. Mengalir langsung ke laut.
Waktu kesana banyak sampah di pinggiran laut
Meski demikian semoga tetap mendapatkan barokah dari wali yg ada sana?? …";Negatif
elly erawati;setahun lalu;Destinasi wisata unik di bagian utara pulau madura... Air terjun ke laut... Cocok untuk tempat hunting sunset... Cuma air lautnya sangat kotor tdk bisa dipakai main anak2 (kurang th juga apa mungkin pada waktu2 tertentu saja).... Harga …;Negatif
Nurul Mustofa;setahun lalu;"Tempat foto""nya kurang dan kotor lagi banyak sampah""nya dan sampahnya di bakar, di dekat jalan evaluasi...";Negatif
Timoty Johan;setahun lalu;Kotor, kebersihan area tidak dijaga;Negatif
Dussakur;setahun lalu;Parkirannya kemahalan;Negatif
XC_15_Frea Renata;setahun lalu;sangat mengecewakan, semuanya tidak diperlakukan dengan baik. Banyak sampah di mana-mana di lantai, airnya berwarna coklat dan kotor. saya tidak mengerti mengapa peringkatnya 4 tho ??. sangat berbeda dengan gambar di google, di mana airnya …;Negatif
