nama;waktu;ulasan;sentimen
Ainun Najib;10 bulan lalu;Luar bi …;Netral
All Sido;11 bulan lalu;Wisata bukit tinggi daramiata tempat yang cocok bagi penikmat wisata alam dengan keindahan pemandangan alamnya;Positif
Ardi Anis123;11 bulan lalu;Alhamdulillah jualan saya selama ini berjalan dengan lancar, dan semuga kedepanya makin lancar, amin;Netral
salman al farisi;11 bulan lalu;Tidak terawat;Netral
Isma Wati;2 bulan lalu;???? …;Netral
Fitari;2 tahun lalu;Mski smpt hujan wkt dtg,tp ttp setia nunggu hujan smp reda.dan itu smua tdk mengurangi keindahan yg disuguhkan di tempat ini mski dlm keadaan basah kondisix???? …;Positif
Faridatuz Zakiyah (Zakya);2 tahun lalu;Bagus sekali tempatnya. Semoga menjadi wisata berkah tur mashlahah.;Positif
Agung Dian;2 tahun lalu;Jelek tidak terawat. Toiletnya jorok dan bau. Jalan akses menuju lokosi sempit. Tolong lebih di perhatikan lagi untuk tanamannya di siram. Sudah kering dan tidak terawat;Negatif
Just Skip;2 tahun lalu;"tiket masuk : 15K

kondisi kurang terawat. entah karena apa. seakan sudah tak lagi diperhatikan keadaannya.";Netral
Erha Agustina;2 tahun lalu;Walau naiknya bikin keringat meleleh tapi spot fotonya oke banget;Netral
Nugraha Yana;2 tahun lalu;"Disuguhi pemandangan yang indah diatas bukit, cuma managemen pariwisatanya kurang bagus, disarankan bawa makanan minuman dari rumah.
Parkir 5k. Tiket masuk 15k.";Positif
Andi Kuadrat;2 tahun lalu;Tempatnya enak, sejuk, jalan aksesnya sudah OK;Netral
IYAN DRT;2 tahun lalu;Inilah desa saya dan wisata saya di bukit tinggi daramista,  mantap guys;Netral
afukaja mahfudz;2 tahun lalu;"buat rekan yang berkunjung ke wisata boekit tinggi
barangkali ada yang butuh genteng karang penang hubungi langsung wa saya";Netral
UNIBA_NURUL FADHILAH;2 tahun lalu;Udaranya sejuk, tempatnya bersih, bagus untuk foto-foto, harga terjangkau, akses jalannya juga gampang;Positif
Aredar TV;2 tahun lalu;Tempatnya nyaman, indah dan recomen lah pokoknya, asli ga nyesel dateng kesitu;Positif
Annisa sofiana;2 tahun lalu;"Tiket lumayan murah
Ada beberapa tempat swafoto yang bagus.
Siapkan tenaga extra jika membawa anak kecil. …";Positif
Ridho Hardiansyah;2 tahun lalu;"Pemandangan bagus tapi agak terhalang pohon2 yang besar di depannya.
Harga tiket cukup mahal, dan masih terkena biaya parkir.
Wahana dan tempat foto sudah bagus dan bervariasi.
Overall bagus... Mantap...";Positif
Firdausiy;2 tahun lalu;Sepertinya masih dalam proses pengembangan, tapi sudah sangat representatif buat foto-foto. Banyak spot unik dan menarik.;Netral
Mas Irwan;2 tahun lalu;"Tiket nya kemahalan 15 ribu walaupun bnyak gk ad bonos nya
Jaga loket nya gk ramah
Nyesel …";Negatif
Abu Mihaza;2 tahun lalu;tempat wisata alam areal perbukitan, bisa melihat keindahan kota dimalam hari;Positif
badriyah khoiriyah;2 tahun lalu;"Alasan bagaimananya saya tidak tau ...
Tetapi saya sangat menyukainya . Dan untuk lokasi sangat juga melelahkan karna terbilang jauh. Namun tempatnya tidak usah di ragukan lagi";Netral
Nadyah Triasakti;2 tahun lalu;"Eman g terawat
Ga ada org jualan minum ?? …";Netral
Rosy Eros;2 tahun lalu;Bagus sekali;Positif
Winardi Nonik;2 tahun lalu;Tiket terlalu mahal  kurang terawat jalananya licin;Negatif
Riski Kiki;2 tahun lalu;Terlalu mahal untuk destinasi wisata yg hanya seperti itu;Negatif
Raka Wati55;2 tahun lalu;Pernah kesana 4tahun lalu.. Dan tempatnya menakjubkan.;Netral
Imam buhori Moyshi daramista;2 tahun lalu;Bagus dan bisa lihat pemandangan;Positif
ROSSY 46 (Rossy);2 tahun lalu;Lumayan bagus pemandangannya;Positif
20-073 Syafiqurrahman;2 tahun lalu;Bukit tinggi?? …;Netral
johan oke;2 tahun lalu;Keren... Asyik, seru, menyenangkan;Positif
RIRI 27;2 tahun lalu;Bagus, tapi kurang perawatan;Positif
Alfiani Syafarina;2 tahun lalu;bagus;Positif
Ega 95;2 tahun lalu;Tempatnya bagus dan bersih;Positif
Affandi Ubala;2 tahun lalu;Wisata kebanggaan daramista lenteng sumenep;Netral
alvin yeremia;2 tahun lalu;Mohon dilakukan pemeliharaan ulang;Netral
Mengejar Matahari;2 tahun lalu;Wisatane orang orang sumenep;Netral
Yaser Arafat;2 tahun lalu;Bagus tapi kotor;Positif
Duta central Scaffolding;2 tahun lalu;Pemandangannya bagus;Positif
Tibul Umam;2 tahun lalu;karna sangat bguss;Netral
Batik Sakera;2 tahun lalu;Bagus...;Positif
Dian Dian;2 tahun lalu;bagus;Positif
Thomas Serhalawan;2 tahun lalu;Bagussa;Positif
Didid Supramono;2 tahun lalu;Romantis;Netral
Diraf Back;2 tahun lalu;Sip;Netral
Ners Syamsi;2 tahun lalu;Bagus;Positif
Brilyan Satria;2 tahun lalu;"Tempat yang luar biasa untuk menghirup udara segar, atau hanya untuk berfoto bersama keluarga dan teman.
sangat murah untuk memasuki tempat ini. dan manajemen harus ditingkatkan.";Netral
Aldo Hidayat;2 tahun lalu;Bukit yang sejuk dan sejuk ?? …;Netral
Data Base;2 tahun lalu;Ini adalah tempat yang bagus di mana Anda dapat menyembuhkan dan mengambil oksigen segar. Karena naik bukit dengan pemandangan yang bagus, terutam …;Positif
Rizki Rini;2 tahun lalu;Pemandangan yang sangat sejuk dengan panorama alam yang indah;Positif
Arichi Reyji;2 tahun lalu;Tempat Guud .. Sangat bagus untuk berburu  …;Positif
Wongso Suhendro;2 tahun lalu;Pemandangan alam …;Netral
Wawan FX Multimedia;2 tahun lalu;Josh;Netral
Zubair Mahbubi;2 tahun lalu;Tempat yang ind …;Netral
Ach Baidhawi;3 bulan lalu;Kondisinya gak terawat jelas hutan banget jadinya;Netral
Yakub Herianto;3 tahun lalu;Tidak jauh dari kota Sumenep. Pemandangan dari atas bukit, dan ada spot foto dengan latar lembah yg luas.;Netral
Alviansyah Thahir;3 tahun lalu;Bagus,asyik,rekomended dech.cuma panas bgt klo siang2,perlu tambahan fasilitas lg biar tmbh menarik;Positif
I am;3 tahun lalu;"Actually not really bad...
tiket masuknya 15k dan anda bisa menikmati keindahan alam pedesaan dan spot foto yang menarik.";Positif
Ika Wandari;3 tahun lalu;Destinasi wisata yg satu ini patut diperhitungkan. Posisinya yg berada dibukit memanjakan pengunjung dg pemandangan alam yg menarik. Disana juga disediakan spot2 menarik untuk selfie maupun wefie. Mulai dari taman bunga, rumah kurcaci, rumah pohon, flying fox dan banyak lagi yg lain yg pastinya unik dan menarik;Netral
Bisyri Imam;3 tahun lalu;"panorama sangat bagus terutama sore
akses jalan kurang lebar";Positif
Kurliyadi khuzaimah;3 tahun lalu;Begitu bersih dan memukau, sungguh indah ciptaanmu Allah SWT;Positif
Meita Fitriyanti;3 tahun lalu;"Lumayan Uji adrenalin klo menuju ke sini Apa lagi pulangnya ????????
(Khusus yang bawa mobil harap hati2) karna jalan Sempit …";Netral
abd majid;3 tahun lalu;Fasilitasnya kurang memadai, padahal biaya masuk sudah bisa dibilang cukup mahal;Negatif
lailiya rohmah;3 tahun lalu;Panas sih tapi disini banyak spot foto yg intagrameble bgt;Netral
AN dhana;3 tahun lalu;Keren buat foto, untuk mengabadikan moment kebersamaan;Positif
top ten;3 tahun lalu;Tiket masuk murah;Netral
Muslimah Ahsan;3 tahun lalu;Ini aing datengnya emang rada sore dan malem jumat jadi ya sepi bangettt;Netral
Andrew E. Kurzt;3 tahun lalu;tenang dan sejuk di daerah yang katanya panas. jika anda mencari kesejukan dan ketenangan di tengah teriknya matahari, mau menikmati semilir angin yang membawa kesejukan di daerah yang panas disini tempatnya. fasilitas cukup. untuk self …;Netral
Rahmat Hidayat;3 tahun lalu;Bagoes tempatx....apalagi tambah malam tambah bagoes;Netral
Maulidiyah Anwar;3 tahun lalu;Cocok buat kalian para remaja,ibu²,bapak² yg suka berselfie maupun berwefie. Tpi,bagi kalian yg inigin kesini,lebih baik masuk kesininya sore menjelang malam serta tidak kepanasan. Karna bagus dg melihat pemandangan kabupaten² sumenep.;Positif
Ika Nur Noviyanti;3 tahun lalu;Pemandangannya bagus, spot2 selfinya jg oke, perlu ditingkatkan perawatannya saja terutama kebersihan toiletnya.;Positif
Akhmad Sahrullah Fadli;3 tahun lalu;"Perlu perhatian lebih dari pemerintah setempat, terkait infrastruktur yang harus dibenanhi dan dilengkapi, safety dan lahan parkir...
Semoga bisa berkembang lebih baik lagi...";Netral
Achmad Wasiludin (Wasil);3 tahun lalu;"Buat teman-teman traveller dan holidayer, tempat ini jadi salah satu tempat rekom buat temen"" yang suka menikmati udara ketinggian ini tempatnya. Buat temen"" yg belum tau, Boekit Tinggi daramista ini tempatnya ada di Kab. Sumenep, Madura. …";Netral
Tio Dwiki;3 tahun lalu;Bagus untuk foto2 namun masih kurang luas wilayahnya masih perlu ditambahkan juga wahana far lebih menarik;Positif
SiSyiro J;3 tahun lalu;Tempat yang perlu peejuangan untuk dikunjungi. Namun viewnya keren. Kami datamg tengah hari bolong, klo malem mungkin lebih keren, dengan gemerlap lelampu di kejauhab.;Positif
Mohammad Fawaz Farhan;3 tahun lalu;Lokasi yang mudah dijangkau meski harus lumayan mendaki dan melewati jalan kecil berkelok. Tempatnya indah dan asri.;Positif
Firmansyah Abya;3 tahun lalu;Bagus pemandangannya;Positif
A Mughnii (tukang ulin);3 tahun lalu;"tempat yg cocok buat ngadem dan selfi ria..
karna banyak view foto keren .";Positif
Fathur Ahmad;3 tahun lalu;Keren, bagus, dan pemandangan nya indah. Namun gak ada kamar mandi atauu WC nya;Positif
Makemming Chanel;3 tahun lalu;Keren dan recommended banget dah;Positif
Ryuuzaki Nozomi;3 tahun lalu;Tempat yang cocok untuk berfoto foto ria dan menikmati sejuknya angin;Netral
Adjie Harun;3 tahun lalu;Tempat ini enak, nyaman dan tenang... Tp rasanya kurang profesional dlm layanan dan kebersihan..;Netral
Moh. Rasyidi;3 tahun lalu;Tempatnya kurang terpublish. Karna ada dipedesaan dan jalannya lumayan jauh dari jalan raya;Netral
Moh Idris;3 tahun lalu;Pengen kesini lagi.... Dulu tahun 2017 masih jelek sekarang indahnya mantep banget... Kayak ada di Brazil???? …;Positif
Studio Fennd;3 tahun lalu;Bukit tinggi adalah wisata kampung kami yang bernuansa islami dan beraneka ragam tanaman bunga;Netral
Muhammad Rikhan;3 tahun lalu;Sayang tdk terawat, apabila dirawat akan terlihat lebih bagus lagi;Positif
Rosy Asliandra;3 tahun lalu;Mantap sudah... Enak buat nongkrong bareng kolega dan keluarga;Netral
lila novita;3 tahun lalu;Kereenn;Netral
LAGIONO SPD;3 tahun lalu;Menyenangkan sebuah bukit yg indah...perlu perbaikan banyak..;Positif
ataraxia q;3 tahun lalu;Lumayan bagus, tp seperti kurang terpelihara;Positif
zaen al-ghifari ibnu muhammad;3 tahun lalu;Nyaman sejuk. Semoga kedepan lebih baik;Netral
Nila Aunillah;3 tahun lalu;Mayan lah ya setidaknya ada wisata di daerah situ;Netral
eva fitriyatul khomsiyah;3 tahun lalu;Suka bangettt banyak sport selfie nya;Netral
Abdy Sukur Elmasumi;3 tahun lalu;Indah sekali, tempat paling pas buat tomantisan;Positif
Fandy Fandykaconk;3 tahun lalu;Pemandangan yang sangat bagus dan alami;Positif
Nur Fadhilah;3 tahun lalu;Pemandangan yg indah dari atas bukit;Positif
Ilham Firmansyah;3 tahun lalu;Tempat wisata yg keren;Positif
Vay Su;3 tahun lalu;Tempatnya kotor kurang perawatan;Negatif
Yuli Astuti;3 tahun lalu;Menyenangkan;Netral
Lasnah Lafifah;3 tahun lalu;Spot buat foto2 banget;Netral
dek aira;3 tahun lalu;tempat istimewa bersama orang yang istimewa;Netral
arif alam;3 tahun lalu;Semakin keren saja;Positif
Revian Tri Pamungkas;3 tahun lalu;Bagus pemandangannya;Positif
wahyu abadi;3 tahun lalu;Bagus,indah panoramanya;Positif
ASEP SUDRAJAT;3 tahun lalu;Tiketnya lumayan mahal;Negatif
waek - r425;3 tahun lalu;Senja, Pemandangan alam yg cantik;Positif
indra wahyudi;3 tahun lalu;Bagus sekali;Positif
M Fandari;3 tahun lalu;Indahnya berlibur;Positif
Naila nur Qoriany;3 tahun lalu;Terbaik;Netral
Fefen Rambo;3 tahun lalu;Tempatnya indah sekali;Positif
ACH KHOZIN AL ASROR, S.T.;3 tahun lalu;Mantap bagus;Positif
Abu Faqih Mukhtar;3 tahun lalu;Lumayan..;Netral
Tatun Wiyanto;3 tahun lalu;Mantap indaah;Netral
Rofek Barong;3 tahun lalu;Tempatnya bagus;Positif
Sunday Nema;3 tahun lalu;lumayan lah....;Netral
Lushi San;3 tahun lalu;Terlalu biasa ?? …;Netral
tukang post;3 tahun lalu;Pelayanan puas;Netral
Setiawan Alvaro;3 tahun lalu;Siip;Netral
Dewi Purnamasari;3 tahun lalu;Baik;Netral
32_ Fatihatur;3 tahun lalu;Mantulll;Netral
Muafiko Is Back;3 tahun lalu;Unik;Netral
Ahmad Mahrus;3 tahun lalu;siap;Netral
Andre Eka;3 tahun lalu;Bagus;Positif
Dika K-Popers;3 tahun lalu;Bagus;Positif
Murgen official;3 tahun lalu;Bagus;Positif
Aldo Tobing;3 tahun lalu;Tempat yan …;Netral
Anton Setiawan;3 tahun lalu;tempat yang indah di sumenep madu …;Positif
Biel Wiridana;3 tahun lalu;Bagus se …;Positif
Kamil Lesmana;3 tahun lalu;Seeeeepp …;Netral
Ryu Chi;3 tahun lalu;Bagu …;Netral
bama hidayanto;3 tahun lalu;Ding …;Netral
Syaiful Hidayatullah;3 tahun lalu;Cantik;Positif
Fika Hasri;4 bulan lalu;Tempatnya sudah terbengkalai. Banyak rerumputan yg tak terawat, banyak spot2 yg rapuh, jadi resiko jatuh, seperti spot jembatan2 menuju ke love dan rumah pohon sudah rusak dan reot. Sepeda gantungnya sdah berkarat dan tidak beroperasi lagi, …;Netral
Naufal El Fany;4 bulan lalu;???? …;Netral
Sirajul Munir;4 tahun lalu;Bukit Tinggi Daramista merupakan sebuah bukit yang syarat sekali dengan nuansa alam dan udaranya yang sangat sejuk. Bukit ini menyusul beberapa bukit lainnya di Pulau Madura yang telah lebih dulu menjadi pusat perhatian, diantaranya adalah …;Netral
Aulia Hanif;4 tahun lalu;"Bukit Tinggi...
Iya sesuai dengan namanya posisi lokasi ini berada di perbukitan dengan ketinggian 120 mdpl. …";Netral
Winny K.Drifiani;4 tahun lalu;Sekitar 20 menit dari kota Sumenep. Jalannya bagus, bisa dilewati mobil, walau ada beberapa track yang agak naik turun ekstrim. Spot fotonya banyak banget dan keren2. Tiket masuknya 2 macem, ada yg Rp.5000 dan Rp.15.000. Ada flying fox sama sepeda angin juga. Worth it lha buat liburan keluarga.;Positif
Demen 6464;4 tahun lalu;"Destinasi pemandangan sangat bagus apalagi kalau sore hari menjelang sunset.
Cuma utk tiket masuk ke spot selfi yg berbayar gak worth it, harganya terlalu mahal dan spotnya cuma sedikit. …";Positif
BProject Pamekasan;4 tahun lalu;"mantap guysss saya sdh 5x kesini gak pernah bosen..hehe...
rekomended pokoknya yang bagus kesini sore sampek mlm..
selain sunset anda juga bisa mengmbil foto ktika mlm lampu2 dan pwmandangan …";Positif
Yaniec Aquarius;4 tahun lalu;Bukit yang berada di ketinggian desa daramista ini cocok sekali buat tujuan yang masih bingung cari wisata di daerah sumenep. Tempat ini menyuguhi view yang indah. Kita juga bisa menikmati wahana yang tersedia di sana. Dengan biaya masuk …;Positif
pengelana maya;4 tahun lalu;Tempat wisata selfi foto, bisa bersama keluarga maupun pasangan muda-mudi, kalo saya naik spot yg paling atas di tempat gazebo nya angin semilir nyaman buat istirahat dan melepas penat;Netral
Fajarwati Nurjadidah;4 tahun lalu;Pemandangan nya bagus karena posisi nya di dtaran tinggi, kita di suguhkan pemandangan daratan hijau di bawahnya dan terlihat juga biru nya lautan dari atas bukit. Di bukit tinggi Sumenep ini ada gubuk-gubuk kecil terbuat dari bambu yang bisa digunakan pengunjung untuk  bersantai,istirahat, ngopi, ngobrol dan lain-lainnya.;Positif
Ach Junaedi;4 tahun lalu;Refresing keluarga, jalan yg berliku dan hanya dapat di lewati 1 kendaraan, kalo siang agak panas, di sarankan sore atau pagi hari agar dapt spot foto yg bagus, jangan lupa bawa tongsis;Positif
Desi Natalia (Sita);4 tahun lalu;Mantap guysss saya sdhh 5x ke sini gak pernah bosen...hehe..rekomended pokoknya tempatnya bagus guyss sore sampe malam...selain sunset anda juga bisa mengambil spot foto ketika malam2 lampu2 dan pemandangan gunung yg memanjakan mata anda …;Positif
Ikabhiy Ikabhiy;4 tahun lalu;Wewwww ini adalah tempat wisata di Sumenep yang gak kalah hitz lo gaes sama tempat wisata di Malang ataupun Yogyakarta. Rumah pohon, ada. Rumah kurcaci, ada. Sepeda di atas awan, juga ada. Jalan nya agak berliku. Tapi aksesnya aku saranin …;Netral
rokhim wahyudi;4 tahun lalu;Kalo liat foto2nya kelihatan bagus, tapi kenapa pas langsung datang ke TKP kondisinya sudah ngga sebagus di fotonya, kayak ngga terawat. Padahal pemandangan nya bagus;Positif
DAT.;4 tahun lalu;Tempatnya semakin KECE banyak spot Instagramable yang Kekinian disini. Puas banget pokoknya...;Netral
Laksmi's Corner;4 tahun lalu;Datang kesini kebetulan mepet maghrib, jadi kurang begitu puas karena semua wahana sudah tutup tinggal beberapa saung yang sebenarnya asyik untuk tempat nongkrong.. Nanti kalau sudah kesini lagi saya review lagi.. ?? …;Netral
Sulthan Shalahuddin;4 tahun lalu;Tempatnya bagus sangaaat. Terus murah. Cuma jalannya aja yang kecil.;Positif
TINTA PENA;4 tahun lalu;"Banyak view yang keren banget,  ga kalah de sama tempat wisata lain, tapi sayangnya ada beberapa spot foto yang ga dibuka, entah karna alasan apa saya pribadi kurang tau.
Tapi keren kok, good!!!";Positif
Story Melodi;4 tahun lalu;wisata yg cukup potensial, apalagi jika lebih diperhatikan oleh pemerintah, terkait akses jalan cukup sempit, tiket masuk terlalu mahal karena tdk didukung dengan fasilitas yg memadai..;Negatif
Budi Hidayat;4 tahun lalu;Boekit Tinggi Daramista adalah salah satu wisata alam yang terletak di kabupaten Sumenep, Madura. Wisata alam ini merupakan sebuah bukit yang telah di modifikasi agar telihat lebih indah dan menarik. Boekit Tinggi Daramista seakan membuka mata para pengunjung untuk menyaksikan keindahan bumi Sumenep yang menghampar didepan mata.;Positif
Dina Anggraeni;4 tahun lalu;cocok untuk menikmati semilir angin di siang atau sore hari. lokasinya mudah dijangkau, pemandangannya bagus, fasilitas memadai, ada spot foto yg instagramable tp mainstream sih. hehe. tp sayang kurang luas area wisatanya.;Positif
Yoel Dwi Putra Gultom;4 tahun lalu;Rapi, bersih, dan cocok buat spot foto foto. Tiket masuk juga terbilang terjangkau. Wahana terlihat sangat bagus dan kreatif. Namun sayangnya spot ini tidak cocok buat pecinta sunset. Karena lokasi foto yang tidak sesuai;Positif
Egaa yanuar;4 tahun lalu;viewnya bagus saran aja jangan siang hari kesini panas banget;Positif
Mustika Maduratna;4 tahun lalu;Tempat yang indah untuk berlibur bersama keluarga, ada banyak spot foto menarik;Positif
Suri Channel 77;4 tahun lalu;Suasana bukitnya sangat aduhai dengan pemandangan laut dan pernak pernik Lambu di malam hari;Netral
nurul imaniyah;4 tahun lalu;Tempatnya bagus hanya saja kemaren pas ksana kecewa, biasanya kan katanya ada fotografernya gitu yg bisa fotoin. Lah ternyata gak ada.;Positif
Syaiful Bahri;4 tahun lalu;Menawarkan edukasi wisata bernuansa alam yang masih hijau, segar, dan nyaman. Harga tiket murah dan objek foto bagus. Sipp lah;Positif
Aerafarm;4 tahun lalu;Tempatnya bagus, tapi lebih bagus kalau berkunjung siang hari. Sayangnya saya kesana pada waktu malam jadi tidak bisa menikmati keindahannya.;Positif
Mohammad Faishol;4 tahun lalu;Ya paling enak ke sana saat sore hari, karena kalau siang sangat panas, jalannya menuju ke sana nyaman...;Netral
Syamsul Arifin;4 tahun lalu;Masih kurang lengkap dan renovasi belum di lanjutkan;Netral
Aviv Cah Semprul;4 tahun lalu;Tempatnya asyik buat manjakanbdan nenangin diri;Netral
Indri Yani Sst;4 tahun lalu;@bukit yinggi daramistah yg terletak di sumenep city.;Netral
Mas Waie;4 tahun lalu;Alhamdulillah pemandangannya lumayan indah;Positif
Hiza Ra;4 tahun lalu;ternyata 'paket selfie' hanya ber-zona kecil. saya pikir zona nya luas bgt, trus yg tiket biasa cuma sedkit spot nya.. …;Netral
Obat Hati;4 tahun lalu;Keren bagus ?? ternyata di Sumenep juga ada tempat wisata bagus …;Positif
Imam Rusli;4 tahun lalu;Tempat wisata pegunungan yang sangat populer di kalangan masyarakat dan wahana bermain untuk para penantang ketinggian, banyak tempat berswafoto atau selfie, romantis sejuk di malam hari dengan lampu kelap kelip yang menerangi, tersedianya …;Netral
saifron kasiati;4 tahun lalu;Bukit berbatu kapur yang masih terus dikembangkan ini indah sekali dengan view ke pemukiman dibawahnya, serta langit yang serasa dekat di atas kepala. Ada beberapa spot selfie dan 2 arena  untuk memacu adrenalin. Tiket masuk 5k, tiket spot selfie 15k, sepeda di atas tali 20k, flying fox 2k. Cobain yuukkk.;Positif
Sefri;4 tahun lalu;Tempat yang bagus, jarang ada dataran tinggi di madura, bisa melihat sampai ke laut, pemandangan sunsetnya juga menawan. Hanya butuh lebih banyak pengembangan. Jalanan ke lokasi cukup sempit;Positif
Alfan Candra Yofita;4 tahun lalu;Bukit tinggi, Sumenep madura... Super Mantap;Netral
Dharma Kurniawan;4 tahun lalu;Tempat rekreasi yg cukup instagramable, buat OOTD, Foto Prewedding maupun Wedding Outdor. Jarak tempuh sekitar 20 menit dari jantung kota Sumenep menuju arah desa Daramista Kecamatan Lenteng, awalnya tempat ini sepi kemudian 2 tahun …;Netral
PUJI SULISTIOWATI;4 tahun lalu;Bagus,Masi dalam perkembangan..!!;Positif
Wian Galo;4 tahun lalu;Pemandangan yg indah dan sejuk...;Positif
maulidatul kamilah;4 tahun lalu;Pemandangan sangat bagus cocok untuk foto2 nge hits, tpi kekurangannya di parkiran karena keamanannya kurang. Helm temen sy pas kesana hilang;Positif
Jelista Wilyantari;4 tahun lalu;Karena tempatnya nyaman untuk santai bersama keluarga,, bnyak spot foto yg unik dan instagramable banget,,, dan pemangdangannya laut yg terbentang;Netral
Abd Hadi;4 tahun lalu;bagus tempatnya;Positif
Suherman Suherman;4 tahun lalu;cocok untuk rekreasi keluarga;Netral
Sujono;4 tahun lalu;Berada di dataran tinggi kabupaten sumenep. Dengan tiket masuk Rp. 10.000,- untuk hari biasa. Terdapat wahana rumah pohon yang cocok untuk berfoto.;Netral
bambang h ridwan;4 tahun lalu;"Wahana wisata alam di atas bukit,
Sdh lumayan memacu adrenalin,
Namun masih kurang banyak alternatif permainannya";Netral
Debie Wijaya;4 tahun lalu;Tempat wisata anak muda dan keluarga terutama yang hobby foto narsis dan selfie dengan latar belakang bangunan2 dekorasi yg instagramable.;Netral
gita bakti usada;4 tahun lalu;"Pemandangan sangat bagus..
Akses masuk sangat sempit..
Cukup sulit bagi kendaraan roda empat untuk masuk..";Positif
Oonkz Froeza;4 tahun lalu;Tempat wisata yang bagus dan harga tiket yang murah banget dan di lengkapi dengan permainan dan istagramebel banget;Positif
Fian Wibowo;4 tahun lalu;Pemandangan bagus, sayangnya terskhir kesana malah jadi tempat mojok;Positif
Idrisi Idrisi;4 tahun lalu;Lampu penerangan jalan kurang;Netral
Marcia Nursiani;4 tahun lalu;Spot foto keren!!;Positif
hanis ismawati;4 tahun lalu;Bagus,, cuma saran perbanyak yg jual souvenir, baju atau makanan khas sumenep....;Positif
M Kholis;4 tahun lalu;?????? …;Netral
miftahul munir;4 tahun lalu;Tempatnya dingin, sejauh mata memandang kelihatan hijau dedaunan dan laut biru;Netral
Cak Ardy;4 tahun lalu;Tempat nya cukup lumayan bagus cuman kalau hujan becek;Positif
??????? ????????;4 tahun lalu;Lokasi Wisata Taman dan Panorama Alam yg Hijau dan Alami,, Cocok Untuk Selfie,, Oke..;Netral
Didik Agus Prayitno;4 tahun lalu;Lumayan indah,  cuman akses masuk dan keluarnya yg kurang enak;Positif
Rismiyanto Rismie;4 tahun lalu;Salah satu destinasi wisata alam buatan yang wajib dikunjungi kalau anda ke Sumenep;Netral
kholilur rohman putra adi rasa;4 tahun lalu;Madura banget;Netral
NOFAL CHANNEL;4 tahun lalu;Tempatnya indah seperti ada dibandung kalo menurut saya disana bandungnya madura;Positif
Ummu Janaan;4 tahun lalu;Wahana wisata alam di kab Sumenep yg menantang adrenalin;Netral
Murry Samurry;4 tahun lalu;Sangat cocok buat yg suka selfie;Netral
MOH.RIDWAN L0915;4 tahun lalu;Spot pemandangan yg begitu bagus;Positif
Mikhael Ar Why;4 tahun lalu;Tempat luas, bisa di kembangkan, banyak views;Netral
Shinta Embem;4 tahun lalu;Tempat wisata yg lagi hits di sumenep maupun madura;Netral
Arfp 08;4 tahun lalu;Bukit tinggi Daratista tempat yg cocok unt rekreasi keluarga;Netral
Nur Indah;4 tahun lalu;?????? …;Netral
QPL Queen Princess Lady;4 tahun lalu;Tempat yg keren untuk wisata di kabupaten Sumenep;Positif
Siti Aisyah;4 tahun lalu;bagus, hijau dan perlu banyak perluasan lagii;Positif
Mujib Mustofa;4 tahun lalu;pemandangan yg indah;Positif
gradiyanto adi;4 tahun lalu;Bagoes buat yg suka selfie;Netral
Ahmadi Fendi;4 tahun lalu;Kurang bersih;Netral
Aris Sandi;4 tahun lalu;Ngak ada parkir sepeda motor;Netral
Vieny Adrisanty;4 tahun lalu;Jalannya kecil banget, searah;Netral
Moh Ludhfi F;4 tahun lalu;indah, tpi terlalu jauh dri pusat kota;Positif
Kians Arieza;4 tahun lalu;Pemandangannya keren....;Positif
Faiz Basya;4 tahun lalu;Bagus;Positif
Wahid Halilovic;4 tahun lalu;Makin lengkap. top pokoknya;Netral
Abdur Rahman;4 tahun lalu;Sebagaimana bukit di madura gersang dan panas;Netral
MADURESE;4 tahun lalu;Jika musim hujan kadang agak licin;Netral
Heri Adi;4 tahun lalu;Bagus suasana dan tempatnya;Positif
Kusuma Retnowati_UPTD SMPN 3 BURNEH;4 tahun lalu;Petualangan yang berkesan banget?????????? …;Netral
Eliza Rosalina;4 tahun lalu;Lumayan buat ukuran di kampung;Netral
abillio ghafur;4 tahun lalu;pemandangannya bagus;Positif
nurman budi setiawan;4 tahun lalu;Akses jalan perlu diperlebar;Netral
Faiqotul Jannah;4 tahun lalu;Bagus klau malam;Positif
ashabul barokah;4 tahun lalu;Sport yg sangat bagus;Positif
MIFTAHUL ARIFIN;4 tahun lalu;Keindhannya menyejukkan hati;Netral
Rasyid Sofie;4 tahun lalu;Bagus and menarik;Positif
Hariyanto Official;4 tahun lalu;Keren dah pokoknya.;Positif
iwan widiatmoko;4 tahun lalu;Cocok untuk refreshing dan selipi selipi;Netral
Moh Subki;4 tahun lalu;Boqiet tinggi;Netral
Maman Odienkz;4 tahun lalu;Indah pemandangannya;Positif
Nuraini Anita;4 tahun lalu;Masi perlu perbaikan;Netral
Erfan Evendi;4 tahun lalu;Lumayan bagus;Positif
Nara Ahirullah;4 tahun lalu;Lumayan tapi kirang bersih;Netral
Heri Mavela;4 tahun lalu;Cukup bagus;Positif
Hanania Parfum;4 tahun lalu;Alhamdulillah memuaskan;Netral
corat coret;4 tahun lalu;Tempa yang sangat bagus;Positif
Agus Hidayat;4 tahun lalu;Menarik;Netral
Terem UGD;4 tahun lalu;Kurang menarik;Netral
Just hdy;4 tahun lalu;Not bad lah;Netral
syaiful amri;4 tahun lalu;Tempat yang bagus;Positif
MOCH ROKIB;4 tahun lalu;Tempat yg indah;Positif
bay Ubay;4 tahun lalu;Sangat indah;Positif
Taufik Ready;4 tahun lalu;Kurang lengkap;Netral
Ach Muzanny;4 tahun lalu;Tempatnya indah;Positif
AzeanEl Faqir;4 tahun lalu;Indah;Positif
EL Ganador Official;4 tahun lalu;Lumayan;Netral
Balam channel;4 tahun lalu;Mantep;Netral
sjahrul mutaqin;4 tahun lalu;Indah;Positif
LEO SINGA (LEO SINGA NEWS);4 tahun lalu;Pemandangannya bagus;Positif
Afif Bhayangkara;4 tahun lalu;Bukit tinggi;Netral
Miftahol Ulum;4 tahun lalu;Mengesankan;Netral
Banu Permana;4 tahun lalu;Kurang wah;Netral
den gibran;4 tahun lalu;WISATA ALAM;Netral
farah febryana dewi;4 tahun lalu;menyenangkan;Netral
Rudy santoso;4 tahun lalu;recomendasi;Netral
karimatuzzahida;4 tahun lalu;Bagus;Positif
Bhakti Lumaksono;4 tahun lalu;bagus;Positif
Dwi Astuti Wahyu Nurhayati;4 tahun lalu;Bagus;Positif
abd rahman;4 tahun lalu;Bagus;Positif
Achmad Rofiqi;4 tahun lalu;Bagus;Positif
FERYAN EKO;4 tahun lalu;Jalannya berkelok-kelok, memberi kita pemandangan paling indah yang bisa dibayangkan. (wah aja …;Positif
Andri Siungjay;4 tahun lalu;Tempat yang bagus tapi jangan pergi jam 12 siang. S …;Positif
rindang prima;4 tahun lalu;Sia-sia untuk pe …;Netral
Fitriyatus Sholehah;4 tahun lalu;Bagu …;Netral
Dimas Surya;4 tahun lalu;Pemandangan Sumenep dari dataran tinggi ?? …;Netral
SB Channel;4 tahun lalu;Luar bias …;Netral
Asep 12;4 tahun lalu;Dingin nik …;Netral
Inayatul Maghfirah Agustania;4 tahun lalu;Direkomenda …;Netral
Evi Ludiana;4 tahun lalu;Pemandangan …;Netral
Kevin Subrata;4 tahun lalu;Tempat yang sangat ind …;Netral
rina dewiyanti;4 tahun lalu;Luar bi …;Netral
Rama Eqi;4 tahun lalu;Luar bi …;Netral
Romdhan Feriyadi;4 tahun lalu;Bagu …;Netral
Yuly Official;4 tahun lalu;Luar bi …;Netral
eko agus;4 tahun lalu;Bagus untuk libur …;Positif
Iwar Sah;4 tahun lalu;Guru;Netral
Aditiaaria Masyta;4 tahun lalu;Tempat yan …;Netral
Riszky Filda;5 bulan lalu;Untuk tempat sangat kurang terawat sekali sampai² lihat ular. Sebenarnya bagus, hanya saja kurang perawatan tempat. Banyak spot² foto yang sudah rusak.;Positif
Citra Pratiwi;5 tahun lalu;Wisata alam boekit tinggi di Lenteng, Sumenep. Biaya masuk ke wisata 5000, parkir motor 2000, untuk tiket terusan wahana selfie 15000/20000. Wisata ini hanya sbg objek foto. Karena pemandangan yg luas di atas bukit. Jalanan utk mendaki ke …;Netral
dian ekawati suryaman;5 tahun lalu;Pemandangannya bagus banget.  Waktu favorit saya kesini adalah menjelang senja.  Karena selain tidak terlalu panas.. pemandangannya juga lebih amazing saat sunset.  Parkir motor 3000 parkir mobil 5000, tiket masuk 5000, tapi kalo mau free …;Positif
Dharma Revo Adi Wirayudha;5 tahun lalu;Okee tempatnya, makin keren n makin kece. Kalau ke sumenep wajib mampir ke tempat wisata boekit tinggi. Letaknya di desa daramista Kecamatan Lenteng Kabupaten Sumenep dari arah kota kita bisa melewati Jalan Lingkar Barat yakni ke arah barat …;Positif
Matt Marz;5 tahun lalu;"Tempat ini daerah perbatasan Sumenep dan Kalianget. Tempatnya masih asri dan pemandangannya bagus banget.
Sayang akses ke tempat tersebut masih menggunakan jalan desa. Jadi belum begitu …";Positif
fadel abu aufa;5 tahun lalu;"Mau liburan gak usah jauh-jauh ke sumatra, di sumenep ada boekit tinggi juga, sebuah destinasi wisata alam yg menawarkan nuansa natural dan alami, rugilah kalau belum pernah sampai ke boekit tinggi
Disini banyak pilihan tempat selfie";Netral
zeel Rilack;5 tahun lalu;Boekit yg ada didesa dsramista ini banyak dikunjungi untuk melihat keindahan kabupaten sumenep dari ketinggian harga tiketnya ada 2 macam 5000 dan 15000 ribu;Positif
Olievia P Mulyana;5 tahun lalu;Wisata perbukitan yang masih alami. Banyak spot foto yang menantang. Tidak cocok untuk orang tua atau orang yang punya masalah dengan kesehatan kakinya. Lokasi bukit menanjak cukup curam dan masih berbatu. Masih dalam proses pembangunan. Saat berada diatas bukit akan disuguhi pemandangan alam yang indah.;Positif
yurike ferdiyanti;5 tahun lalu;"Udah banyak tempat"" foto yg kece bingits. Hanya saja waktu kesana, sudah mau maghrib jadi buru"".";Netral
Basri Pencari Cinta;5 tahun lalu;"Sekarang tempatnya lumayan bagus, dan jalannya ud d perbaiki jauh lebih bagus dri tahun kemaren,,, banyak yg di tambah pemandangannya, rumah pohonnya bagus"" pas buat yg suka selvi sendiri maupun sma kluarga";Positif
Info Tour;5 tahun lalu;Bukit tinggi salah distinasi wisata di semenep yang terletak di barat kota tempatnya cukup untuk lepas suntuk keluarga, kawand atau orang yang sesuwai andai nilai. Dan sangat bersahabat dengan isi kantong dengan karcis masuk rp. 5000/org untuk free selfi rp 15.000/org dengan fasilitas tempat foto yang cukuplah.;Netral
Life of Apps;5 tahun lalu;Saya sangat senang sekali berada disana,karena pemandangannya sangat indah dari sana.Tapi saya merasa kelelahan saat menaiki bukit tinggi.?? …;Positif
khairul anas;5 tahun lalu;tempat bagus, cocok untuk yang nyari spot selfie.;Positif
jelajah sumenep;5 tahun lalu;Ini adalah tempat yg bagus untuk menghilangkan kepenatan ditengah kesibukan....;Positif
Bang Ibe;5 tahun lalu;View yg bagus enak buat tempat santai.murah meriah lg...cm jalanx masih berbatu sangat bahaya bagi anak klo lari2..hehehe;Positif
Ika Nc;5 tahun lalu;Banyak tempat selvi yg kondisinya berbahaya. Kurangnya savety dri pengelolah.;Netral
Januar Rijal123;5 tahun lalu;"Bisa bersama"" melewati waktu untuk kita brkumpul,, krn bahagia itu sederhana.";Netral
rossie ossie;5 tahun lalu;View nya bagus banget... Kalo sore mungkin lebih bagus ...jalan hanya cukup 1 mobil...;Positif
Angga Pradana Kusumawardi;5 tahun lalu;Keren, tapi aksesnya butuh diperlebar/diperbaiki jalannya;Positif
siti aminah;5 tahun lalu;Bagus tmpatnya unik cuma panas bnget jdi saran klo mau ksna pagi atau sore;Positif
I One;5 tahun lalu;Satu kata ...bagus..destinasi wisata paling tinggi d Sumenep...;Positif
Sofyan Aliwafa;5 tahun lalu;Fasilitasnya sangat minim untuk taraf rekreasi mohon lekas dibenahi secepatnya.;Netral
Aurelia Saputra;5 tahun lalu;Bagus pemandangan tp sayang tidak ada org yg menjaga pintu masuk;Positif
nyonya niken;5 tahun lalu;"tempat yang menarik tapi kurang cocok untuk keluarga yang memiliki anak kecil.
banyak tersedia spot yang instagramable.
saran saya, harus menyiapkan kondisi kendaraan karena jalur menuju ke lokasi dan …";Netral
Ferdy Firmansyah;5 tahun lalu;Indahnya pesona bukit tinggi Kab. sumenep;Positif
Syaif Zain;5 tahun lalu;Terasa berada di ketinggian, dengan pemandangan yg sangat indah, dan fasilitas yg smakin membaik ...;Positif
sylvan faris;5 tahun lalu;Salah satu tempat wisata di ujung madura sumenep;Netral
Igor Backpacker;5 tahun lalu;Tempatnya bagus cuman tempat makannya kurang lengkap;Positif
RnT;5 tahun lalu;Suasana Boekit Tinggi menjadi sangat berbeda saat hujan di sore hari. Meskipun gak bisa eksplore lebih banyak spot kecenya, tapi pemandangan yang disuguhkan amazing banget. Nuansanya mendadak syahdu karena kabut-kabut yang bermunculan. …;Netral
Mu'min Faishal;5 tahun lalu;Tempat yang cukup bagus untuk liburan dengan pasangan;Positif
endang sriwahyuni;5 tahun lalu;Seru untuk foto2 an  dn penggemar selfiloop;Netral
Ramadhani Fitria;5 tahun lalu;Tempatnya bagus untuk foto-foto. Kita bisa lihat pemandangan kota sumenep dari atas bukit ini. Akses kesini agak sulit karena jalannya sempit hanya muat satu mobil.;Positif
Shinta Ayu;5 tahun lalu;Spotnya keren2.. Cocok buat yang suka selfie sama liat pemandangannya indah banget.. Cuman kurang ditingkatkan lagi, kalo masalah tempat sampah kurang disediakan.;Positif
Habibullah Math;5 tahun lalu;Boekit Tinggi Daramista merupakan salah satu destinasi wisata yang berada di pulau madura tepatnya di lenteng Sumenep, Boekit Tinggi ini mengalami perkembangan dari waktu ke waktu, yang dulu hanya kolam dan ruko ruko kecil, sekarang sudah …;Netral
Oci Cio;5 tahun lalu;"Pertama kali kemadura langsung di ajak jalan"" ke tempat ini";Netral
ibra klik;5 tahun lalu;"Pernah berkunjung dulu waktu masih awal-awal pembangunannya.. Lumayan buat me_refresh diri..
Menurut informasinya, saat sudah banyak perkembangannya.";Netral
rahmat lestari nugroho;5 tahun lalu;Bagus pemandangan alamnya. Tp zona selfinya hanya 3 tempat dan berbahaya. Segera diperbaharui.?? …;Positif
Ach Mufid;5 tahun lalu;Diperbanyak lagi tempat wahana;Netral
Riski Ali;5 tahun lalu;"Saya belum kesana. Taoi saya yakin disan tempatnya bagus.
Aku kapan kapan kalo ada waktu pasti kesana.   Jangan kecewakan saya heeee";Positif
agus soebi;5 tahun lalu;Tempatnya biasa aja;Netral
Andi Reza Darmawan;5 tahun lalu;jalan ke destinasi tersebut bisa di katakan buruk, masalah pembayaran juga membingungkan, kenapa misalnya d satukan aj langsung d pintu masuk;Netral
Dhirta Adhyatma;5 tahun lalu;Top bagus viewnya, tapi masih butuh banyak perawatan dan kebersihan dari pihak pengurus.;Positif
ach choirul;5 tahun lalu;Jalan masuk dan keluar yang berbeda dengan kurangnya petunjuk arah lumayan menyusahkan bagi pengunjung baru dan dari luar kota.;Netral
Nurul Kamariyah;5 tahun lalu;Bagus bngetlah kyak di perbukitan selecta malank keren bnget selfienya bgus bngeetttttz cocok buat para pengunjung turis di luar madura;Positif
joyness joyness;5 tahun lalu;Menawarkan pemandangan alam ke arah kota Sumenep. Namun masih perlu pembenahan akomodasi dan papan penunjuk arah menuju lokasi.;Netral
Desi Siswati;5 tahun lalu;tempatnya sangat indah;Positif
Ca' Nur berkah;5 tahun lalu;Bagus bagi orang yang suka berlibur. Karena tempat sama pemandangan bagus.;Positif
dedy bendot;5 tahun lalu;Pemandangannya bagus, tiket masuk tidak terlalu mahal. Perlu penambahan fasilitas;Positif
Hendrix Prasetyo;5 tahun lalu;Menjelalang maghrib...;Netral
Pithe TV;5 tahun lalu;Bagus ini guys... kalian bisa melihat kota Sumenep dari atas. Di sini banyak spot buat foto-foto yang unik guys ?? …;Positif
fel19 editor;5 tahun lalu;Tempatnya instagramable banget.....;Netral
Muhammad Anis;5 tahun lalu;Tempat wisata di lenteng;Netral
akh mufris;5 tahun lalu;Tempat rekreasi dengan nuansa pegunungan serta bisa menjadi tempat nyantai bersama keluarga;Netral
redika group;5 tahun lalu;enak buat refreshing ... madura punya;Netral
GoSukses studio;5 tahun lalu;Bagus tempatnya, murah jg;Positif
cholid emen;5 tahun lalu;Wisata alam nan sejuk sebagai destinasi alternatif diantara obyek wisata lainnya;Netral
Zulaiha Zulaiha;5 tahun lalu;Saya sangat suka karna bisa liat pemandangan yang indah dari ketinggian;Positif
faruk_yns;5 tahun lalu;Tempatnya bagus yg senang hunting pemandangan alam.;Positif
Kholik sholeh;5 tahun lalu;Ingin rasanya setiap hari aku kesana, keindahan alam di Madura begitu jelas terlihat...;Positif
Zairi Tulend;5 tahun lalu;Tempatnya bagus. Tapi sayang tiketnya masih dibagi;Positif
Ishq Khan;5 tahun lalu;Pemandanganya bagus lumayan lah buat nyantai bareng keluarga;Positif
Fitri Latifah;5 tahun lalu;"Asyik...
Puas banget buat teman melepas penat..";Netral
Balinda Millenia Fitri Sahilla;5 tahun lalu;Jalan kesana dan jalan utk pulang kecil skali . Harus mahir menyetir;Netral
swastikha maulidya mulyana;5 tahun lalu;Bisa melihat sumenep dari ketinggian tapi sayang jalannya berbatu;Netral
christsibolang channel;5 tahun lalu;Lolasi sangat bagus.apa lagi buat prewed...rekomen dah;Positif
warsito warsito;5 tahun lalu;View eksotis, lokasi terjangkau. HTM bersahabat.;Netral
Wita Wachid;5 tahun lalu;Akses jalan kecil.hanya cukup untuk satu mobil.;Netral
hasim mohammad;5 tahun lalu;Walaupun tempat wisata buatan tp menyenangkan;Netral
NURUL QUMRI;5 tahun lalu;Tempat yang indah pas banget bagi wisatawan;Positif
Maknyak Maknyak;5 tahun lalu;Seneng bisa rujak bareng sama anak2 dan temen juga;Netral
Eva Megawati;5 tahun lalu;Bagus banget .... Gak nyesel sudah mengunjungi;Positif
rin aku;5 tahun lalu;pemandangan lampu indah dilihat dr atas bukit;Positif
Nur Syamsi Innayah;5 tahun lalu;Pemandangan sore harinya mantapss?? …;Netral
Iqbal Hilman;5 tahun lalu;Mungkin perlu perbaikan jalan setapak untuk ke berjalan di area ini;Netral
Sick Sick;5 tahun lalu;Jalannya parah, tidak cocok untuk anak balita;Netral
Sultan Iskandar Dinata;5 tahun lalu;Bagus lokasinya hany panas saja;Positif
Avi Da;5 tahun lalu;Woww;Netral
Alfonsus Satria Budiman;5 tahun lalu;Msh blm selesai pembangunan sehingga kurang untuk dilihat;Netral
Irwan Syah;5 tahun lalu;Tempat yang asik untuk berfoto dengan keluarga..;Netral
Gamers Happy;5 tahun lalu;"Pemandangan yang indah
Buat foto dan selfie";Positif
lavinta MD;5 tahun lalu;Cocoknya buat muda mudi aja...;Netral
chapunk rba;5 tahun lalu;Jalan aksesnya perlu diperlrbar;Netral
Yani Pratiwi;5 tahun lalu;Bagus tuk wisata keluarga;Positif
Zhidan;5 tahun lalu;Sangat cocok untuk reflesing bagi keluarga;Netral
Rifqi Saifudin;5 tahun lalu;Fasilitas parkir kurang memadai;Netral
Siti Zubaidah;5 tahun lalu;Serasa menggenggam alam,, benar2 alami;Netral
Moch Naufal;5 tahun lalu;Tempat paling gokil dimalam hari di sumenep;Netral
kaizar rusdi;5 tahun lalu;Lumayan Seru Karna Wilayahx Masih Alami;Netral
Teman Ngupi Channel;5 tahun lalu;Lokasinya bagus tapi panas;Positif
Madura Vacation;5 tahun lalu;Auo liburan bareng di boekit tinggi daramista;Netral
ian siibolang;5 tahun lalu;Sejauh ini, baguss dan layak untuk dikembangkan;Positif
Dyah Ayuningtyas;5 tahun lalu;Wisata alam yg benar2 alam;Netral
Ina Indriana Indriana;5 tahun lalu;Gk perlu jauh2 kluar kota;Netral
mamat mamat;5 tahun lalu;Berapa harga tiket masuk;Netral
Ghir Sereng;5 tahun lalu;Lumayanlah kalo soree hari;Netral
channel dadakan;5 tahun lalu;Lokasi bagus bgt;Positif
sugeng prasetyo;5 tahun lalu;spot selfie yg bagus;Positif
Fandy Kaconk;5 tahun lalu;Sangat bagus untuk berlibur;Positif
Ris Saiman;5 tahun lalu;Enak buat istirahat dan foto foto;Netral
Yulia Paramita;5 tahun lalu;Bagus viewnya;Positif
Fajar Faldi;5 tahun lalu;Pemandangan mantap dan murah;Netral
Krisdiyanso Cahyono;5 tahun lalu;Mantap, jos buat keluarga;Netral
Bangkit Putra Sang Fajar;5 tahun lalu;Enak buat cuci mata;Netral
reani rachman;5 tahun lalu;Jslan krg lebar n prasarana krg;Netral
Iam Redi;5 tahun lalu;Panas banget kalau siang;Netral
Moh Basory Roni;5 tahun lalu;Asik buat berlibur;Netral
radi ifarman;5 tahun lalu;Menyenangkan buat para bikers;Netral
Zairi tulend;5 tahun lalu;Tempatnya bagus;Positif
Leha Valent;5 tahun lalu;Seruuuuu.....;Netral
clash of IDN;5 tahun lalu;Sesuainya untuk muda mudi;Netral
rozha hr;5 tahun lalu;Bagussss banget....;Positif
rudi hartoyo;5 tahun lalu;Boekit Tinggi Daramista;Netral
jazid altintov;5 tahun lalu;wisata madura yang bagus;Positif
Hosma Faris;5 tahun lalu;Lumayan menghibur;Netral
Ayits Alvin;5 tahun lalu;Boekit tinggi bergoyang;Netral
Zainul Ulum;5 tahun lalu;Tempatnya bagus;Positif
Nuriyah Firda;5 tahun lalu;Bagus ala ala malang;Positif
Jaka Abdillah Annaf Rahman;5 tahun lalu;Pemandangan yang indah;Positif
Ryan Hidayat;5 tahun lalu;Good nice mantap;Netral
taufik nur;5 tahun lalu;Keren abis;Positif
Fery Rahmawati Harun;5 tahun lalu;Lumayan bagus;Positif
Mr. Genzo97;5 tahun lalu;bagus;Positif
noval sumekar;5 tahun lalu;bagus;Positif
Ayuni Sima;5 tahun lalu;Sejuk;Netral
Mery Agustina;5 tahun lalu;Indah;Positif
Rudi Hariyanto;5 tahun lalu;Mantap jiwA;Netral
Studio7 Official;5 tahun lalu;Wow;Netral
Maman Rq;5 tahun lalu;Boekit tinggi;Netral
PE ING;5 tahun lalu;Lumayan ?? …;Netral
Andrian Php;5 tahun lalu;Kurang sip;Netral
fauzi ozy;5 tahun lalu;Menyenangkan;Netral
Risha Setyowati;5 tahun lalu;Seruu..keren;Positif
Prayuda Rianto;5 tahun lalu;Instagramable;Netral
Kampoeng Wisata Toron Samalem;5 tahun lalu;Bagus;Positif
Bayu Julismana;5 tahun lalu;Pada dasarnya ini adalah tempat yang menarik, tetapi manajemen harus meningkatkan lokasi foto dan jalur pejalan …;Netral
Merry Fransisca;5 tahun lalu;Tidak terlalu buruk, tapi madura sel …;Netral
Hindu kush;5 tahun lalu;Pemandangan indah dengan seni romantisme untuk berfoto, banyak remaja ya …;Positif
Kenzee Queen;5 tahun lalu;Menyen …;Netral
Benita Kumala;5 tahun lalu;Buat yang suka spot selfie jalan raya, lumayan buat kamu;Netral
Satrio Galih;5 tahun lalu;Luar biasa, layak. Tempat yang bagus untuk melarikan  …;Positif
Nur Akmaliah;5 tahun lalu;Foto saya saat berwisata ke Boekit Tinggi Daramesta Lenteng Tinj …;Netral
Kareem Teko;5 tahun lalu;Tidak tahu harus saya sebut tempat ini sebagai wisata atau tidak, itu tidak …;Netral
Budiman Arif;5 tahun lalu;Pemandangan kota dari dataran tinggi;Netral
jenifer lingon;5 tahun lalu;Buat situs kencan;Netral
Leroy Setiadarma;5 tahun lalu;Bagus untuk menempatkan foto dan …;Positif
Nadia Epa;5 tahun lalu;tempat yang bagus untuk …;Positif
Badrus Sholeh Salim;5 tahun lalu;Kurang bersih;Netral
JAGOAN TRIK;5 tahun lalu;Klasik;Netral
Retno Cahyani;5 tahun lalu;Tidak direkomen …;Netral
Chanif fruliadi;5 tahun lalu;Bagu …;Netral
Achmad Fajar;5 tahun lalu;Butuh perbaikan;Netral
andrian andrian;5 tahun lalu;Tempat yan …;Netral
Deby Alivia;5 tahun lalu;Komplainsssss;Netral
Ach Ilham17;5 tahun lalu;Emmiuuuuaaaahhh …;Netral
Ella Kurnia Oktaverina;8 bulan lalu;Seharusnya jadi destinasi yang oke untuk didatangi tapi ternyata kondisinya sangat tidak terawat! Nggak ada penjual sama sekali di dalam tempat wisata ini, cafe-nya pun tutup. Spot fotonya agak berbahaya karena kayu sudah reyot. Di bagian …;Netral
ARVINE STUDIO;8 bulan lalu;Bagus menarik;Positif
Soleh Udddin;9 bulan lalu;Bagusss;Positif
Matuss ___;9 bulan lalu;;Netral
Astrida R.;setahun lalu;Pemandangan dari atas bagus, udaranya segar, tapi akses jalan menuju lokasi wisata masih jauh dari layak (jalan sempit menembus kampung, hanya muat untuk 1 mobil), fasilitas tempat wisata juga masih sangat kurang;Positif
Imam Sudays;setahun lalu;Tempatnya bagus,pemandangan bernuansa alam.;Positif
Alqisthi Ahmad;setahun lalu;tempat di ujung sumenep madura, tempat asik buat healing di pedesaan yang bersahaja... …;Netral
makmun erfandi;setahun lalu;Tempatnya sudah tidak terawat;Netral
Candra yani;setahun lalu;Pemandangan sih bagus tapi Parkir kurang aman sangat disayangkan ada oknum yg sengaja menukar tutup kunci vario 150 punya saya di ambil dan ditukar sama yg rusak. Saya taunya pas sdh dikota mau balik sudah kejauhan. Cukup tau sekali...;Positif
HARYADI KURNIAWAN;setahun lalu;Sebuah bukit yang dikelola masyarakat dengan baik dan bagus untuk wisata. Sisi lain madura biar ga pantai pantai saja terus, madura pada umumnya dan Sumenep khususnya punya wisata yang bagus. Kita bisa berwisata diketinggian dan berfoto ria …;Positif
Ach. Farid sya'roni;setahun lalu;Wisata busuk, penjaganya gak jujur, gak menyampaikan apa adanya bahkan menyampaikan se akan2 indah. Ternyata sampai di dalam kayak hutan rimba. Jangan di kunjungi lagi;Positif
rahman abd;setahun lalu;spot fotonya bagus terutama di sepeda gantung, gak kalah sama tempat wisata yang lain yang serupa.;Positif
febri andrianto;setahun lalu;Bagus banyak tempat instagramabel, dan masih sangat bisa dikembangkan lagi menjadi wisata yang hits..;Positif
Kia Rokiah;setahun lalu;Pemandanganny indah dilihat dr atas.. tp sayang kurang perawatan pasilitasny. Pdhl tempatny bagus.;Positif
Elly Kurniasari;setahun lalu;Tempat masih oke, tapi daun daun sudah tidak di sapu, seperti tidak di rawat lagi, mungkin karna sudah mulai sepi pengunjung.;Netral
Prananto Intijaya;setahun lalu;"Kamar mandi KOTOR DAN JOROK.
Kapok deh kesitu lagi";Negatif
Opick Ajah;setahun lalu;Sekarang tempatnya kurang terawat;Netral
Widhi Lamong;setahun lalu;Tempat yg nyaman;Netral
Nur Hasanah;setahun lalu;Sangat menyenangkan;Netral
Caffe JSK;setahun lalu;Enak sambil lalu Karaoekan;Netral
Rose syiedah;setahun lalu;Bagus;Positif
Atika Riskiyawati;setahun lalu;MasyaAllah viewnya bagus ??;Positif
Naufan Noordyanto;setahun lalu;Asyiknya jalan-jalan;Netral
