nama;waktu;ulasan ;sentimen
Khadijah Faqih;setahun lalu;Keraton sumenep, Satu²nya keraton di madura yg masih bisa di kunjungi, bangunan masih berdiri kokoh dan terawat, skrng ada tour ladernya, dia sngt ramah dan sngt detail penjelasannya;Netral
neny zhabil husnaeny;10 bulan lalu;Tempat bagus untuk pelajar juga keluarga. Mempelajari sejarah kerajaan sumenep. Ada tour guide yg membantu menjelaskan tentang sejarah tempat, silsilah, benda2 pusaka dll.;Positif
M. Mufid Albarazi;10 bulan lalu;Suasana yang cukup cocok bagi para wisatawan yang ingin melepas rasa penat. Nuansa taman, wisata kuliner, wisata sejarah dan beberapa objek lain yang menarik.;Netral
Jonea Maska;10 bulan lalu;Saya blm pernah masuk ke dalam keraton, hanya beberapa kali lewat, tp lihat gapura nya sangat bagus sekali dan kelihatan masih sangat terawat dan original.. untuk wisata budaya sangat recommended sekali..;Positif
ayuu ayuu;10 bulan lalu;Guide sudah lanjut usia dan kurang ramah, klo bisa ganti dengan anak muda yg cantik2 dan ramah;Positif
Mochamad Andi;10 bulan lalu;Mantab;Netral
Harrie Birakha;10 bulan lalu;Kesan pertama;Netral
Ni'am Arbotz;11 bulan lalu;Mantap bagus terawat dgn baik cagar budaya bangsa..;Positif
amin farhan;11 bulan lalu;Alhamdulillah... Walaupun Sy warga pendatang dan sdh menjadi warga Sumenep sedikit banyak tlah mengetahui Museum Keraton Sumenep.;Netral
Mulyadi Pradipta;11 bulan lalu;Lewat jalan paberasan;Netral
Faisal Hadissalam;11 bulan lalu;Terjaga kelestariannya n kebersihannya;Netral
HER ARUMAN;11 bulan lalu;Situs Berkaromah;Netral
Pipit Ilham;11 bulan lalu;Membantu mengenal sejarah kota Sumenep;Netral
Djambi Rahardjo;11 bulan lalu;Sangat indah;Positif
afan alfian;2 bulan lalu;Pendopo Bupati yg bernuansa Kerajaan dengan menyajikan banyak kebudayaan lokal. Menjaga budaya dan membentengi kearifan lokal. Perlu dijadikan contoh bagi daerah lain. …;Netral
Arvand Firmansyah;2 bulan lalu;Peninggalan keratonan Sumenep, masih berdiri tegak karena dijaga dengan baik.;Netral
wigit kristianto;2 bulan lalu;Museum dan Keratonnya keren, bersih dan terpelihara. Tiket masuk murah, selalu ditemani pemandu walau cuma sendirian, dan tidak ada biaya tambahan. Recommended buat pecinta sejarah. Datang kesini jangan cuma mau ambil air di taman sari atau beli ramuan madura ya, belajarlah juga sejarah Sumenep disini.;Positif
agus suwandi;2 bulan lalu;Tempat dimana kita dapat mengetahui sejarah asal usul kerajaan Sumenep;Netral
Wahyu Eka Putra;2 bulan lalu;Bener-bener mistical atmosphere. Membawa kita serasa kembali ke dunia masa lalu. Cuma toilet belakangnya loket gak terawat sama sekali.;Netral
CV AZKA PRESTASI;2 bulan lalu;"tiket dewasa 5 rb, anak 3 rb
pelayanan prima, gaet menjelaskan dari museum sampai keraton dg detail";Netral
Raden Izzatul Azizah;2 bulan lalu;Museum yang harus dilestarikan & dijaga agar generasi berikutnya tahu akan sejarah.;Netral
Chynta Ainur25;2 bulan lalu;Tempat.a bgus bersih rekomended buat liburan akhir pekan;Netral
Galih Trans Nganjuk;2 bulan lalu;Tempatnya bagus banyak kuliner, wajib mampir kalau trip ke Sumenep;Positif
Muhammad Khoirur Roziqin;2 bulan lalu;Bisa untuk wisata keluarga, bersejarah;Netral
Abdul Lo;2 bulan lalu;"Seru tempat'e
Nyaman
Petugasnya ramah""";Netral
Fajarisman Restu;2 bulan lalu;Bagus...;Positif
Priyo Armanto;2 bulan lalu;Sejarah bes …;Netral
Ulphie v. NANI;2 bulan lalu;;Netral
Yumei - TRANCEforMindSet;2 minggu lalu;Patut dikunjungi, keraton pusat sejarah, museum dan pelestari adat budaya;Netral
Adelia Shelsa Vereninda;2 minggu lalu;;Netral
Chandra Kartika;2 tahun lalu;Keratonnya cukup luas, sejuk dengan nuansa pohon beringin tua yang tumbuh lebat dan masih perkasa. Sebagian peninggalan seperti kolam mandi para putri keraton masih ada, dengan berbagai khasiat yang dipercaya bagi siapa saja yang mencuci muka di air kolam tersebut. Sayangnya kondisi secara keseluruhan agak sedikit kurang terawat.;Netral
Ade Safitri;2 tahun lalu;"Keraton sangat terawat, rekomend untuk edukasi anak2 supaya tau sejarah
Tempat yg paling di sukai kolam pemandian putri disitu banyak sekali ikan2 yg sangat besar dan cantik2..";Positif
Nita;2 tahun lalu;Tempatnya bagus dan bersih. Juga tersedia banyak tempat cuci tangan. Dan wajib pakai masker. Tour guide juga ramah baik dan sabar dalam menjelaskan.. cocok untuk penikmat sejarah..;Positif
UNIBA_NURUL FADHILAH;2 tahun lalu;Terletak di tengah kota, harga masuk museum 5rb aja, bisa foto-foto sepuasnya, dan ini di depan Labang Mesem waktu nganterin tamu dari Kediri.;Netral
20-073 Syafiqurrahman;2 tahun lalu;Museum lengkap peninggalan keraton Sumenep;Netral
Kaidin S;2 tahun lalu;Agar tetap dijaga warisan budaya dan kelestarianya?? …;Netral
DINASTY;2 tahun lalu;Sejarah peradaban masyarakat Sumenep Madura masa lalu;Netral
Sunyoto Sunyoto;2 tahun lalu;Bu RT waru mampir di masjid agung Sumenep;Netral
Rishallfidi Thomi;2 tahun lalu;Rindang dan menenangkan;Netral
Tanti Lestarini;2 tahun lalu;Berada di pusat kota Sumenep. Tiket masuk sangat terjangkau. Ada beberapa kereta kuda peninggalan jaman dulu. Untuk bagian keratonnya cukup luas. Terdapat beberapa kolam yg punya keistimewaan masing masing. …;Netral
Setiya Aris;2 tahun lalu;Mantul... Warisan sejarah yang patut kita lestarikan;Netral
TUAN RAJA ALI;2 tahun lalu;Untuk sebuah museum jelas barangnya kurang banget... lebih dikemas lagi biar lebih menarik... kalo perlu kerja sama dengan sekolah2 di sumenep agar siswanya di wajibkan ke museum biar ada pemasukan buat museum... biar ga terkesan pas pasan...;Netral
geri damayanto;2 tahun lalu;Bagus, sayang waktu berkunjung lagi di tutup karena pendemi...;Positif
Wonder UMMI;2 tahun lalu;Tempat sangat bersih..;Netral
Inayati Inayati;2 tahun lalu;Sangat senang dan kagum melihat dan mengetahui sejarah kraton sumenep. Dan harus tetap di lestarikan unk anak cucu kita dan bangsa indonesia;Netral
Harmaji Ajie;2 tahun lalu;Dapat mengenal beberapa koleksi peninggalan sejarah keraton sumenep, al : kereta, mushaf Al Quran, dll;Netral
Ahktar Pragia;2 tahun lalu;Pemeliharaan perlu di tingkatkan karena merupakan peninggalan dan aset wisata yang bisa mendatangkan wisatawan dari luar negeri;Netral
D. Kastriantono;2 tahun lalu;Yogya nya madura, wisata budaya, alam dan  wisata kuliner.. Sumenep kerren..;Netral
Setiawan;2 tahun lalu;Museum keraton sumenep merupakan tujuan wisata yang menarik di kota sumenep.. lokasi parkir yang luas dan mudah, pemandu wisata yang menjelaskan dengan jelas dan menyenangkan..;Netral
Mift Zaman;2 tahun lalu;Asri, tenang, penjaganya ramah.;Netral
nounah legis;2 tahun lalu;Menu makanan.nya sngat enak, rekomended bgt lah pokoknya. terutama mie goreng.nya.... bener2 bikin nagih.;Netral
CAK OZI Bandar Sepanjang;2 tahun lalu;"Tempat bersejarah yang bagus
Patut dikunjungi oleh generasi penerus bangsa";Positif
IKRIMAH MAULANA SISWAJI;2 tahun lalu;Karena tempat ini sngat kental dengan sejarahnya;Netral
Klara as;2 tahun lalu;Bagus, heritage langka;Positif
Mochamad Shofiyudin;2 tahun lalu;Tempam yang cocok untuk mengetahu budaya sumenep;Netral
Benny Andi;2 tahun lalu;Tempat bersejarah dengan peninggalan leluhur yang masih terjaga;Netral
Creatif Technologies Balikpapan;2 tahun lalu;Istana raja raja semenep, perlu di lestarikan, dan tempat wisata yang patut untuk di kunjungi;Netral
warsito warsito;2 tahun lalu;Sayang tidak terdengar even iconik untuk mengangkat potensi wisata keraton dan sumenep;Netral
Capt Jan MMN Wowor MA MM MMar;2 tahun lalu;baik untuk mengetahui sejarah dan budaya setempat ...;Netral
Mohtar Jihar;2 tahun lalu;Peninggalan kerajaan Sumenep, beragam pusaka peninggalan Raja raja Sumenep sebagian ada di tempat ini.;Netral
slamet widodo;2 tahun lalu;Kalau malam bisa duduk lesehan depan museum sambil ngopi;Netral
Irwan Junaidi;2 tahun lalu;Lebih bisa mengenal sejarah sumenep lebih jauh;Netral
BADRI JAKFAR SHADIQ;2 tahun lalu;PKBM Al Jakfari Lembaga Pendidikan Luar Sekolah;Netral
dwi rukmeiasih;2 tahun lalu;Menyenangkan;Netral
Hambaly Khaider Channel;2 tahun lalu;Yuk.. liburan k Sumenep pasti menyenangkan;Netral
Didith Ibnu Siddik;2 tahun lalu;Sebagian besar koleksi adalah replika;Netral
Winardi Nonik;2 tahun lalu;Sekarang tutup;Netral
ninis limah;2 tahun lalu;unik;Netral
Bintang Klebs;2 tahun lalu;Tempat yang menyimpan sejarah rakyat Sumenep;Netral
Nur Syamsi Innayah;2 tahun lalu;Bersih, aman, rapi;Netral
Habibi Moza;2 tahun lalu;Musium yang masih terjaga keasriannya!!!;Netral
Gunawan Wibisana;2 tahun lalu;jejak sejarah perlu dilestarikan;Netral
On Fly;2 tahun lalu;Tempat bersejarah di kabupaten sumenep;Netral
Zainur Arifin;2 tahun lalu;Penuh dengan sejarah;Netral
Hoiri Lowbat;2 tahun lalu;tempat sejarah sebelum kemerdekaan RU;Netral
Lingga Kurniawan;2 tahun lalu;berisi peminggalan sejarah keraton Sumenep ?? …;Netral
Eka Adetya;2 tahun lalu;Bersih;Netral
ICHIRO NAICHI;2 tahun lalu;Baik;Netral
Awaludin Rakhman;2 tahun lalu;Adem;Netral
bor pile;2 tahun lalu;bagus bgt;Positif
CAKLUK;2 tahun lalu;Wisata Bersejarah..;Netral
anwar sidki;2 tahun lalu;Penuh bersejarah;Netral
R _Antox;2 tahun lalu;Bagus untuk mengenal sejarah Sumenep;Positif
Syafiq Sulaimi;2 tahun lalu;Tempat peninggalan sejarah;Netral
bakso panglima;2 tahun lalu;Petugasnya ramah-ramah ???? …;Netral
Agus Susanto;2 tahun lalu;Tempatnya mudah dijangkau;Netral
Santoso Msh;2 tahun lalu;Tempat fisit yg representatif;Netral
Achmad Syaifudin Zuhri;2 tahun lalu;Tempat kenangan waktu kecil;Netral
andhit thok;2 tahun lalu;Kurang terawat;Netral
dodi iskandar;2 tahun lalu;Sangat membantu;Netral
Bogel Almunium;2 tahun lalu;Sangat bagus;Positif
Agus Suharsono;2 tahun lalu;Masih alami dan Asri;Netral
Ijan Syah;2 tahun lalu;Bagus...;Positif
R Mohammed Alam;2 tahun lalu;Gratis masuk..;Netral
Umar Arif;2 tahun lalu;Mantab;Netral
biker insyaf;2 tahun lalu;Mantab;Netral
Marvell Xavier;2 tahun lalu;Tutup;Netral
RAKA _ CHANNEL;2 tahun lalu;Keren;Positif
Sri Wardaningsih;2 tahun lalu;Bagus;Positif
Dian Dian;2 tahun lalu;bagus;Positif
Fauzi Sbt;2 tahun lalu;Bagus;Positif
Jayanti Aisyah;2 tahun lalu;Bagus;Positif
R Firman Agung AR;2 tahun lalu;Klasik;Netral
FABIAN GAMING;2 tahun lalu;Wow;Netral
Yakup Hariyanto;2 tahun lalu;Ingin kesini;Netral
rifmi utami;2 tahun lalu;Tempat yang sangat bagus... merekomendasikan semua ora …;Positif
Mardi Setiawan;2 tahun lalu;Dahulu Keraton Sumenep kini dijadikan museum;Netral
bayu indrajati;2 tahun lalu;Budaya bangsa, keindahan Madura.;Positif
Dahat Riswanto;2 tahun lalu;Bukti sejarah masa lalu;Netral
Herlina S;2 tahun lalu;Saat saya kesana jam 15.00, gerbangnya ditutup dan tidak ada pengumuman jam buka.;Netral
Robert Legan;2 tahun lalu;;Netral
juzzy arrachim;2 tahun lalu;?? …;Netral
ervina_abdillah;2 tahun lalu;;Netral
Arief Enda;2 tahun lalu;;Netral
Agus SMA;2 tahun lalu;Luar bia …;Netral
Enggar Renaldi N;2 tahun lalu;;Netral
hendri sarwo;2 tahun lalu;Ke be …;Netral
Faiz Nuril;2 tahun lalu;Ok …;Netral
tukang post;2 tahun lalu;Ok …;Netral
misruji hasya;2 tahun lalu;Ata …;Netral
Toms Ride n cullinary;2 tahun lalu;Tempat yan …;Netral
Rudi Citoz;2 tahun lalu;Yang terbaik;Netral
ady kurniadi;3 bulan lalu;Tempat bersejarah yang masih menyimpan benda2 peninggalan raja2 sumenep. dan Suasana tempatnya sejuk, adem meski saat di siang hari sangat kerasan berada dalam keraton..;Netral
Hasina Fajrin R.;3 bulan lalu;Guidenya baik hati dan sabar menjawab pertanyaan;Netral
Moch Sullam;3 bulan lalu;Sangat memuaskan pemandu wisatanya;Netral
Ida Wati;3 bulan lalu;Bagus;Positif
Azroor rohim;3 bulan lalu;Senang sekali mengenal sejarah;Netral
Travel Jember Travel Jember;3 bulan lalu;Masih terjaga dengan baik;Netral
Arik Cuy;3 bulan lalu;"Rumahku
Surgaku";Netral
Nurul Hadi;3 bulan lalu;Tamansari di Keraton Sumenep.;Netral
Arda Riki (Mangger);3 minggu lalu;Untuk kerisnya sy msih nilai 100%;Netral
Zain Rahman;3 minggu lalu;Bagus;Positif
Inayatul Maghfirah Agustania;3 tahun lalu;Satu-satunya keraton yang ada di Sumenep khususnya dan di Madura pada umumnya Keraton ini benar-benar masih terawat sehingga bangunannya masih kokoh hingga sekarang dan menjadi objek wisata yang mendapat kunjungan dari berbagai warga dari …;Netral
Indra Susandi;3 tahun lalu;Satu-satunya Keraton di Jawa Timur yang masih utuh. Disini bisa kita liat silsilah raja-raja Sumenep, barang2 peninggalan kerajaan. Juga ada Al-Quran tulis tangan serta arca2 peninggalan sebelum Islam. Keratonnya ditutup tapi Taman Sarinya …;Netral
dian ekawati suryaman;3 tahun lalu;Tempat yang bersejarah, jejak. keraton yang masih bisa dilihat sampai sekarang. Banyak koleksi kerajaan jaman dulu yang masih bisa dilihat. Museum terawat dan bersih, tersedia guide khusus museum.;Netral
PROPERTY ART official;3 tahun lalu;Museum Keraton Sumenep masih asri dengan suasana yang masih tidak berubah seperti dulu barang² yang ada di museum terjaga kebersihannya dan juga sekitar museum juga cocok recomended latar vintage fotografi;Netral
Faisal Faisal;3 tahun lalu;Tempat bersejarah dimana kita bisa menikmati peninggalan tentang kerajaan sumenep tempo dulu;Netral
Mohammad Yasin;3 tahun lalu;Menyimpan banyak sejarah Sumenep dan bangunan ini merupakan bangunan monumental serta terkenal ke seluruh negeri.;Netral
Suwarta Djanoarta;3 tahun lalu;Keraton Sumenep yang menyimpan banyak sejarah, semenjak Aria Wiraraja sampai bupati Sumenep saat ini (750 tahun). Wajib dikunjungi saat ke Sumenep;Netral
Yakub Herianto;3 tahun lalu;Dari tempat ini kita tahu kerajaan sumenep ikut berperan atas berdirinya kerajaan majapahit.;Netral
Tatik Sri Mariyati;3 tahun lalu;Tempat bagian sejarah kraton sumenep ini meninggalkan  pedopo yg masih bagus juga tempat pemadian yg ada 3 pintu sumber 1 utk menjadi tetap awet muda 2.tempat utk membuka sumber rejeki 3 .tempat utk membuka kepangkatan . …;Positif
Deri Budi PERCI chanel;3 tahun lalu;Berlibur sambil tambah wawasan jika berkunjung ke tempat ini. Banyak kesenian dan budaya purbakala di jaman kerajaan pada masanya.;Netral
afidha setyo;3 tahun lalu;Menyenangkan, menambah pengetahuan. Guidenya juga ramah, tiket masuk Rp. 5.000;Netral
Shadrissaid;3 tahun lalu;Satu2nya kraton yg masih ad di jawa timur;Netral
Panji Sarkun;3 tahun lalu;"Museum Keraton Agung Sumenep semakin mantap, pemandunya wisatanya ramah ramah...
Sukses Buat Koordonator Museum Keraton Agung Sumenep";Netral
Aryo Dwi;3 tahun lalu;Bagus klo sore karena sepi;Positif
andrie rusdiansyah;3 tahun lalu;Salah satu peninggalan jaman kerajaan;Netral
jokoraharto _;3 tahun lalu;"bagus untuk mengetahui sejarah bahwa dr songenep/sumenep juga melahirkan beberapa pemimpin/adipati di pulau jawa,
tp perlu jg kebersihan dan keindahannya dijaga ?? …";Positif
Wawan Setiawan;3 tahun lalu;Salah satu keraton yg madih berdiri lengkap di Jawa Timur. Luas, bersih, dan sepertinya menarik, masih banyak peninggalan budayanya. Sayang waktu saya berkunjung, keraton masih ditutup karena wabah covid 19.;Netral
Vivi Nur Vitriani;3 tahun lalu;Jika berkunjung ke masjid ini, cobalah berkeliling. Amati setiap sudutnya..ada penggalan sejarah islam madura yg luar biasa di situ;Netral
bang tito;3 tahun lalu;Tempat yg bersejarah buat kota sumenep, dg segala ceritanya...sayang sdh byk barang bersejarah yg raib gak tau kemana;Netral
Berkah Ukir Jepara;3 tahun lalu;Baru lihat2 fotonya semoga bisa kesumenep, barang kali ada yang minat pintu ukir bisa cek dikami;Netral
isbar mubarak;3 tahun lalu;Koleksi nya kurang banyak, jika ingin belajar sejarah dan ingin tahu tentang sejarah kota Sumenep ya kesini aja;Netral
Ayu Putri Giono;3 tahun lalu;Tempat yang adem apalagi kemarin sama anak anak latsarnas.;Netral
Sonny Hadinata;3 tahun lalu;Guide nya cekep n ramah wkwkwkwk...tapi sayang yg namanya KAJUH LAKEK ilang di ambil org gk bertanggung jwb. Smoga kebuka hatinya n bsa menyadari kesalahannya;Netral
Halim Perdana Kusuma ID (youtuber Pamekasan);3 tahun lalu;Sebuah tempat yang penuh edukasi buat kita;Netral
Susi Yenita;3 tahun lalu;Banyak benda sejarahnya;Netral
susilo eni;3 tahun lalu;Salah satu keraton di Sumenep Madura Jawa Timur yang masih dijaga kelesatariannya sehingga generasi milenium tetap bisa melihat peninggalan sejarah jauh sebelum kemerdekaan;Netral
Rudy Gunawan;3 tahun lalu;Mantap ada gietnya;Netral
N J R;3 tahun lalu;Karena tempat bersejarah sekali serta semakin terawat sampai sekarang;Netral
Ryuuzaki Nozomi;3 tahun lalu;Tempat yang indah dan penuh sejarah. Diharapkan jika berada disini untuk menjaga kebersihan dan sikap.;Positif
YSRX;3 tahun lalu;Sangat bagus;Positif
Ch Arifah;3 tahun lalu;Tempat yang wajib dikunjungi ketika ke sumenep???? …;Netral
Nabiel Baselor;3 tahun lalu;Merupakan Museum terbaik. Di madura;Netral
Mega Setiawan;3 tahun lalu;"Museum tempat yg bersejarah dr raja"" SUMENEP dan peninggalan""nya.";Netral
Decky Purwanto;3 tahun lalu;Karna di tempat ini sangat lengkap transfer, isi pulsa, aksesoris HP dan segala macam pembayaran;Netral
Shinta Ayu;3 tahun lalu;perlu ditingkatkan dan dijaga teruss yaa karena ini merupakan pusat budaya atau sejarah keraton di sumenep;Netral
Dafid Riyadi;3 tahun lalu;Bisa mengenal sejarah kota sumenep;Netral
yuyun id;3 tahun lalu;penuh kenangan...sy diberi kesempatan sholat zhuhur didalam kamar raja...luar biasa;Netral
Dian Utami;3 tahun lalu;Bagus. Tempat bersejarah yang memiliki cukup banyak koleksi;Positif
Mirut Mitur;3 tahun lalu;Sayang masih belum buka dimasa pandemi ini;Netral
Tasliman Ubaidillah;3 tahun lalu;Arsitektur yg indah diujung timur pulau madura;Positif
susanto;3 tahun lalu;Kraton asri dan menyenangkan;Netral
Kiki Melaendo;3 tahun lalu;pariwisata berbasis history, keren;Positif
Elok Aulal Inayah;3 tahun lalu;Tempat edukasi yg baik untuk belajar sejarah masa lalu yg ada d sumenep;Netral
Udang Lisyanto;3 tahun lalu;Oke Cinta Tanah Air Indonesia;Netral
Ge Pradana;3 tahun lalu;Memberikan pengetahuan dgn media yg lengkap tentang sejarah keraton sumenep;Netral
Ari;3 tahun lalu;Sangat menarik, wisata sejarah ada wisata religi ada.... spa pun ada;Netral
mucho cruise;3 tahun lalu;Belajar sejarah masa lampau lewat peninggalan yang dipamerkan;Netral
Rifki Alain;3 tahun lalu;Bersejarah banget;Netral
Wida Yanti;3 tahun lalu;Mempelajari budaya lewat kraton, cocok untuk dikunjungi bersama keluarga;Netral
Robby Arglen;3 tahun lalu;Wisata budaya yg wajib d kunjungi klo ke madura;Netral
jacky black;3 tahun lalu;Tempat Untuk Belajar sejarah tentang Sumenep dan keindahan alamnya;Positif
Info Tour;3 tahun lalu;Tempat peninggalan raja2 masa lalu di tanah madura ujung timur;Netral
Aulia Rahmawati;3 tahun lalu;Recomended utk didatengin. Guide nya jga koepratif;Netral
Adam Irawanto;3 tahun lalu;Muanteb, buat ngopi pinggir jalan ada angkringannya;Netral
Deden YA (Deden SL);3 tahun lalu;Sejarah sumenep;Netral
mustika pusaka;3 tahun lalu;Tempat yg penuh dg sejarah;Netral
Angga Surya;3 tahun lalu;Belajar sejarah tidak pernah membosankan;Netral
Zen Zinedin;3 tahun lalu;Tempat bersejarah yang patut kita pelihara;Netral
Iwan Prasetio;3 tahun lalu;Bagus;Positif
Hernandez 90;3 tahun lalu;Deket taman adipura dan masjid jamik kota sumenep;Netral
yudhi kurniawan;3 tahun lalu;Apik;Netral
Abi A H M;3 tahun lalu;Tempat penting dan bersejarah di kabupaten sumenep;Netral
Saptaa Cool;3 tahun lalu;Kerreennn wisata peninggalan raja kuno kota Sumenep;Netral
Amir Hamzah Maricar;3 tahun lalu;Tempatnya oke , sejarahnya kental;Netral
Aly yy89;3 tahun lalu;Tempat sejarah madura. Shususnya sumenep;Netral
NANDA HARRIRI;3 tahun lalu;Mesjidnya indah peninggalan keraton sumenep;Positif
jelajah sumenep;3 tahun lalu;Tempat yang bagus untuk belajar tentang kebudayaan;Positif
SYARIF HIDAYAT;3 tahun lalu;Menarik untuk selalu dikunjungi..;Netral
ACH FATHONI;3 tahun lalu;Tempat sip dan enak makananya;Netral
JAGRA Channel;3 tahun lalu;Tempat bersejarah;Netral
Moh Rijal;3 tahun lalu;musium keraton sumenep madura penuh sejarah;Netral
Rhicard Adinata;3 tahun lalu;Bagus tempat baik untuk pariwisata;Positif
FENIF STUDIO;3 tahun lalu;Mengetahui sejarah;Netral
N. Pusdianto;3 tahun lalu;Asiikkk untuk edukasi tentang Sejarah sumenep,...;Netral
[WL]? !-! ? ? ? ! ? ? ? ? ?;3 tahun lalu;Bersih dan tempat orang berwisata;Netral
Mohammad Harun;3 tahun lalu;Museum keraton sumenep yang penuh sejarah;Netral
riskie wigunawan;3 tahun lalu;tempat bersejarah;Netral
Channel Ringan;3 tahun lalu;Sukak;Netral
Arifaldo Chanel;3 tahun lalu;Rumah;Netral
Misbahul Amin;3 tahun lalu;Transaksi mbl gren livina brooo;Netral
The Spectrum;3 tahun lalu;Sangat luar biasa;Netral
Sugi Yono;3 tahun lalu;Tempat kelahiran orang tua saya;Netral
Ilham Alayubie;3 tahun lalu;Bisa belajar sejarah;Netral
SYAIFUL HIDAYAH;3 tahun lalu;Bagus dan keren;Positif
muhammad rizaldy;3 tahun lalu;Tempat wisata tradisional;Netral
budi “Gus iwan” set;3 tahun lalu;Tempat bagus dan rindang;Positif
Cak Indro TV Channel;3 tahun lalu;Koleksinya kurang banyak;Netral
M Ismail Dasuki;3 tahun lalu;???? …;Netral
Ris Saiman;3 tahun lalu;Tempatnya adem;Netral
QiQi Production;3 tahun lalu;bagussss..indah..;Positif
MasAmin Cokro;3 tahun lalu;Peninggalan sejarah Sumenep;Netral
DEFI EKOSULISTYONO;3 tahun lalu;Kondisi bersih dan asri;Netral
Mohammad Rizal;3 tahun lalu;Wajib dikunjugi;Netral
Andre Eka;3 tahun lalu;Bagus dan legend;Positif
Deka Bagus Candra;3 tahun lalu;Bagus dan rekomended;Positif
Fitri Afriyanti;3 tahun lalu;Assalamu'alaikum wr wb;Netral
arrofi Hidayat;3 tahun lalu;Sangat kotor;Negatif
Mohammad hambal Alfariz;3 tahun lalu;Tempat benda pusaka keraton Sumenep;Netral
Bahri a botoling;3 tahun lalu;Peninggalan raja kraton sumenep;Netral
Imam Sucipto;3 tahun lalu;Keren;Positif
Kabol Marhaen;3 tahun lalu;Bagus;Positif
Abd Aziz;3 tahun lalu;bengkel faforit;Netral
musfik alamsyah;3 tahun lalu;Keren;Positif
Parto 123;3 tahun lalu;Pengen tahu;Netral
Mas Ubay;3 tahun lalu;Bagus;Positif
denz anarcy;3 tahun lalu;mantull;Netral
Nining Hariati;3 tahun lalu;Bagus;Positif
kakek gaming;3 tahun lalu;Good tempat;Netral
INPSNGMohammad Fathin;3 tahun lalu;batik dikunjungi;Netral
JawaRa Hidroponik (Lihan JawaRa);3 tahun lalu;Bersejarah;Netral
Homaidi El-Kamarizaaman;3 tahun lalu;Mantap....;Netral
ASEP SUDRAJAT;3 tahun lalu;Sejarah Sumenep;Netral
Tohawi Alby;3 tahun lalu;Sip;Netral
destri irianto;3 tahun lalu;Mengunjungi kraton sumenep;Netral
Sultan _2000;3 tahun lalu;Mengesankan;Netral
Rosi Zero;3 tahun lalu;sempurnaaa;Netral
aida shofi;3 tahun lalu;Cicipi kuliner asli di sini;Netral
Agus Purnomo;3 tahun lalu;Sopirnya ramah dan men …;Netral
Tarix Jabrix;3 tahun lalu;??..mengetahui sejarah kerajaan Sumenep (Soengenep) …;Netral
Reza Faisal;3 tahun lalu;Salah satu museum sejarah yang patut dikunjungi selama saya tinggal di Madura. Satu-satunya kerajaan di jawa timur. Saya benar-benar terpesona dengan kisah mantan pemimpin Sumenep yang dikenal dengan nama Bindara Saod. Panduan ini menjelaskan dengan sangat baik dan memiliki selera …;Netral
Ruja Jamu;3 tahun lalu;Menurut saya, makam kerajaan Sumenep harus kita lestarikan untuk anak bangs …;Netral
Gregorius Gagat Handoyo (gathan);3 tahun lalu;Tempat yang bagus untuk belajar tentang budaya Madura. Kami mendapat pemandu lokal yang hebat …;Positif
Edy Hartono;3 tahun lalu;Peninggalan sejarah yang perlu dikunjungi.;Netral
YON'S SEMARMISEM;3 tahun lalu;Dingin. Kesunyian.  …;Netral
Royke Krisdiansyah;3 tahun lalu;tutup..ini masa pandemi, waspadalah …;Netral
Just Ell;3 tahun lalu;Tempat yang bagus kota @sumenep, jiwa ma …;Positif
kadir aja;3 tahun lalu;Suasana sejuk dan asri ?????? …;Netral
afifah RA;3 tahun lalu;Sedikit misterius;Netral
Kh. Ach_sayuti bin rosid binti aminatuzsuhro;3 tahun lalu;karena tempat ini memberikan begitu banyak …;Netral
ALF;3 tahun lalu;Cantik Dan Kere …;Positif
Mas Ali;3 tahun lalu;Penuh sejarah;Netral
Ardi Rozandi Ekamartha, ST;3 tahun lalu;Kuno dan keren;Positif
ARIS JUNIAR;3 tahun lalu;Tempat kenangan yan …;Netral
Moh Junaidi;3 tahun lalu;Mantaaaab;Netral
Ahmad Suryadi;3 tahun lalu;museum besar;Netral
Putri Utami;3 tahun lalu;Luar bi …;Netral
joko munarso;3 tahun lalu;Bagu …;Netral
Farah Hani Itsna Nabila;3 tahun lalu;Bagu …;Netral
rayakanharimu official;3 tahun lalu;Wanit …;Netral
Mr. Unknown;3 tahun lalu;Cint …;Netral
Kanti bambumuda;3 tahun lalu;Sejarah yang lu …;Netral
MUMTAZ GAMING;3 tahun lalu;Warisan;Netral
Wongso Suhendro;3 tahun lalu;Warisan;Netral
Naritul;4 bulan lalu;ada guide merangkap penjaga loket jd kadang ditinggal kalau ada yg mau beli tiket. agak kurang terawat untuk sebagian area pusaka. guide cukup baik menjelaskan. sempatkan berkunjung untuk melestarikan dan mengerti budaya kerajaan sumenep;Netral
Hidayat Anwar traveler;4 bulan lalu;Bagus guidenya memberikan informasi dgn cukup, disambut gamelan musik tradisional.. keren sih untuk mengenal sejarah dipulau madura sejak tahun 1200an masehi;Positif
Ryan Palala;4 bulan lalu;Museum Sumenep Merupakan Destinasi wisata Yang Saya Recomendasikan Untuk Dikunjung saat Berada dan berwisata di kota Sumenep;Netral
umiatul hasanah;4 bulan lalu;"Luar biasa
Sangat peduli sejarah";Netral
Yulia Oktiva;4 bulan lalu;Pengalaman berkesan tentang kerajaan Sumenep. Luar biasa sejarah berdirinya Sumenep.;Netral
dian yunistia;4 bulan lalu;Djlu waktu sdh sering main disini karena dekat sekolah banyak barang bersejarah dan bersih;Netral
Mohamad Iksan;4 bulan lalu;Sangat menyenangkan dan menambah wawasan ilmu pengetahuan, terutama tentang sejarah keraton Sumenep;Netral
Dheni Ines;4 bulan lalu;keren banget masih terjaga baik bangunan dan taman sarinya;Positif
Nari Iren;4 bulan lalu;Bermanfaat menambah wawasan tentang peninggalan bersejarah di Madura;Netral
Dayat NASA Kodem KARYA ANAK BANGSA;4 bulan lalu;Baik sekali;Netral
Ani Triana;4 bulan lalu;Bagus bersih;Positif
MazzLutfiy;4 bulan lalu;mantap;Netral
Sumekar Care;4 bulan lalu;Keren;Positif
Sahrul Alung (Alung);4 bulan lalu;Mantab;Netral
topo riwayanto;4 bulan lalu;Napak tilas;Netral
Sanusi Mohammad;4 bulan lalu;Tempat yang indah dan sej …;Positif
Abdul Gafur;4 bulan lalu;Tempat yang bagus di kot …;Positif
Abdul Gafur2;4 bulan lalu;Tempat yang b …;Netral
Tri Bungso;4 tahun lalu;Pulau Madura yang mempunyai posisi geografis di Laut Jawa ini memang membuatnya menjadi memiliki banyak obyek wisata pantai. Namun tidak hanya pantainya saja yang wajib anda kunjungi saat anda pergi ke Madura, melainkan juga tempat yang …;Netral
Aulia Hanif;4 tahun lalu;Sebuah museum dimana kita bisa melihat pusaka, kereta kencana, dan berbagai macam peninggalan kerajaan jaman dahulu yang terletak di lingkungan keraton Sumenep. …;Netral
Rima Cakep;4 tahun lalu;"Berkunjung kemari unuuk ke 2 kalinya bersama keluarga besar sesudah mengantarkan bulek ngunduh mantu
Seluruh barang peninggalan di museum terawat dengan baik.";Netral
Ari Otna19;4 tahun lalu;Alhamdulillah .Didalam museum ada kitab Alqur'an raksasa. Suasananya sejuk dan pemandu wisata yang ramah. Aku bangga jadi warga negara Indonesia.?????? …;Netral
Hardy Goldberg;4 tahun lalu;Begitu mengagumkan dan bangga akan tingginya budaya kita. Koleksi yang langka namun tetap bagus terawat menjadikan kita betah berlama-lama tinggal dan mengamati.;Positif
Sirajul Munir;4 tahun lalu;Madura adalah salah satu pulau yang merupakan bagian dari Jawa Timur. Di pulau ini terdapat kediaman raja peninggalan Kerajaan Sumenep. Keraton Sumenep sendiri saat ini menjadi salah satu destinasi wisata Budaya di Madura. Bagi traveller …;Netral
ahmad mudzakkir;4 tahun lalu;Bangunan yang memiliki 3 konsep arsitektural yaitu Jawa, Eropa dan Tiongkok. Dari depan disuguhkan pemandangan pintu gapura Labeng Mesem. Hanya tamu khusus yang dapat masuk ke dalam bangunan Keraton. Terdapat Museum Koning yang menyimpan …;Netral
Kukuh Hernowo;4 tahun lalu;Penjelasan dari musim guide cukup jelas,ada beberapa produk kecantikan keraton yg dijual, untuk sarannya mungkin lebih baik terdapat souvernir berupa buku sejarah keraton tersebut yg dijual.;Positif
Desy Ariyani;4 tahun lalu;Kalo yang suka sejarah pasti seneng. Tempatnya terawat, petugasnya ramah, menjelaskan dg apik sejarah2 nya. Tiket masuknya juga bersahabat.selain peninggalan sejarah jaman kerajaan, Disana ada kerangka ikan paus nya juga.;Netral
Joni Artha;4 tahun lalu;Rapi dan bersih pelayanan dari penjaga sangat ramah pemaparan sejarah kraton sangat jelas terdapat berbagai peralatan yang mengambarkan sejarah kota sumenep;Netral
Mas Zainul;4 tahun lalu;Tempat paling bersejarah, dmana tempat dan peninggalan sejarah budaya dan kerajaan madura (ada Al - Qur'an seberat 0,5 Ton);Netral
Yeti Kartikasari;4 tahun lalu;Tempat yang penuh informasi sejarah. Suasananya menyenangkan. Bersih dan terawat. Petugas ramah. Kerasan berlama-lama di sini.;Netral
Wijanarko Muflich;4 tahun lalu;Salah satu jejak sejarah Nusantara yang masih tersisa. Keraton yang masih terjaga keasliannya. Menyimpan Banyak kisah. Ajaklah anak, saudara, dan teman ketempat ini untuk mengenalkan, melestarikan budaya Nusantara. Lebih mencintai lagi …;Netral
aa firman;4 tahun lalu;Tempat ini dari awal kuliah sampai sekarang renivasi belum selesai semua, meskipun masih bisa masuk tapi tetaplah terganggu akan renovasi yang berjalan lama;Netral
Layla ummu Shofiyyah;4 tahun lalu;,lumayan bagus dan nyaman pelayanan maupun hal2 yg bisa dilihat. Yg penting semoga dapat guide yg Ndak cepet2an pengen pindah tempat.;Positif
Asyroful Barokah;4 tahun lalu;"Merupakan kraton satu satunya dijawa timur yang terletak di timur pulau madura yaitu di tengah tengah kota sumenep.
Buka setiap hari dengan jam berkunjung dari jam 7 pagi sampai dengan jam 4 sore
Terdapat beberapa peninggalan bersejarah dari berdirinya kerajaan di sumenep.";Netral
Iral Mohammad;4 tahun lalu;Inilah satu-satunya keraton yang masih berdiri kokoh hingga saat ini di pulau Madura. Bangunan pendoponya pun masih aktif diginakan. Andai saja 3 kabupaten yang lain juga masih memiliki bangunan keratonnya sebagai peninggalan sejarah kerajaan masing-masing.;Netral
Muhammad Amir Hamzah UNESA_066;4 tahun lalu;Tempatnya asri dan penduduk sumenep ramah, ada guidenya yang siap mengantar anda dan setiap hari minggu selalu ramai;Netral
Mustika Maduratna;4 tahun lalu;Salah satu tempat bersejarah di sumenep, bagus, bersih, dan terawat. Berwisata sambil belajar mengenai sejarah sumenep dengan melihat beberapa barang barang peninggalan keraton sumenep.;Positif
mahendra;4 tahun lalu;sangat bagus untuk mengenal lebih dekat sejarah dari peradaban islam di madura khususnya sumenep;Positif
Div Naritha;4 tahun lalu;Museum ini bagus perlu di jaga kelestariannya dan perlu di tambah pemandu yg bisa menceritakan tentang museum keratin tersebut;Positif
nurul bilady;4 tahun lalu;"Cuman bisa foto di depan cermin
Saya datang k museum jam 10 tapi semua pintu museumnya di kunci, petugasnya juga gak ada, giliran pintu karcis aja dibuka, Rugi saya datang jauh2 kesana.";Netral
ida susanti;4 tahun lalu;"Keraton sumenep
Salah satu destinasi wisata yang wajib dikunjungi di sumenep,madura. Tidak hanya nilai historisnya tapi juga bilai edukasinya. Tiket masuk cukup …";Netral
Agus Budianto;4 tahun lalu;Masih ada peninggalan sejarah yg bagus utk d lestarikan;Positif
Tanzila Nur;4 tahun lalu;tiket masuk murah banget, petugasnya ramah;Netral
Herlina Anita;4 tahun lalu;Keraton kecil di madura. Tapi punya sejarah yang panjang.;Netral
Aang Kusiyono;4 tahun lalu;Banyak peninggalan yg masih patut untuk dilihat dan dipelajari;Netral
richo alrista;4 tahun lalu;Nyaman sih untuk sejenak bersantai karena suasananya sejukk;Netral
Laksmi's Corner;4 tahun lalu;Beberapa benda kurang terawat kebersihannya, terkadang ada pengunjung yg tidak ditemani gaet. Jadi bingung harus kemana..;Netral
Afif Ishmah;4 tahun lalu;Bagus. Mengingatkan pada sejarah kerajaan tempoe doeloe;Positif
Tri Joko;4 tahun lalu;Sayang tidak bisa lama-lama karena sudah mau pulang.;Netral
Reyadi;4 tahun lalu;Observasi OSIS Raudlatul Ulum Pordapor Guluk2 Sumenep;Netral
ML HEBAT GAMING;4 tahun lalu;"Peninggalan sejarah yg harus kita lestarikan , jaman sekarang kalah populer dengan mall dan tempat2 wisata modern yg begitu megah ,
Tanpa adanya peninggalan sejarah sebagai saksi hidup bisa bersatunya antar suku dan agama menjadi negeri yg kuat sampai saat ini";Netral
Kang Endin torojol;4 tahun lalu;salah satu cagar budaya di kab. sumenep yang terawat baik oleh dinas budaya dan parawisata kab. sumenep.;Netral
sal_sabilaans;4 tahun lalu;Banyak benda sejarah yg masi terawat dan sangat bagus sekali buat anak anak kita kalau di ajak kesana di jadikan pelajaran agar tau tentang sejarah kota sumenep dan rugi kalau ke Sumenep gak mampir museum;Positif
Erik El Bahri;4 tahun lalu;Cuci bersih gratis minuman+camilan;Netral
Aya J;4 tahun lalu;Museum yang berkali-kali saya kunjungi. Setiap kali ada niat selalu setengah2, padahal kalau sudah di sana sampai lupa waktu. Selalu kurang. Banyak yang mesti dihapal dan terus dipelajari. Benar-benar media yang seru untuk belajar. Tiket …;Netral
intan dewi;4 tahun lalu;Museum adalah tempat yang menyimpan benda benda bersejarah. Kabupaten sumenep dahulu adalah kerajaan. Tentu banyak benda dan cerita sejarah dalam museum ini. Areanya pun sangat luas. Dan guide nya menguasai sejarah, jelas cara penyampaiannya. Terima kasih pihak dinas pariwisata kab sumenep yang sudah memfasilitasi kami;Netral
IQSebentar Gaming;4 tahun lalu;Keraton Sumenep adalah tempat kediaman resmi para Adipati/Raja-Raja selain sebagai tempat untuk menjalankan roda pemerintahan. Kerajaan Sumenep sendiri bisa dibilang sifatnya sebagai kerajaan kecil (setingkat Kadipaten) kala itu, sebab …;Netral
Finaira Kara;4 tahun lalu;Keraton Sumenep ini merupakan kediaman resmi para Raja-Raja di Sumenep, juga sebagai tempat roda pemerintahan dijalankan. Sekarang, keraton ini menyimpan ratusan koleksi-koleksi sejarah yang tersimpan rapi dan terawat. Sebagai kediaman …;Netral
Asfahani Nizma;4 tahun lalu;Museum ini bagus untuk kunjungan wisata hanya saja untuk benda2 kunonya sepertinya banyak yang bukan asli sumenep, seperti senjatanya. Dan lagi saat masuk museum yang ada kereta dan cermin besar, hawa mistis sangat terasa.;Positif
BProject Pamekasan;4 tahun lalu;"sangat bagus sekali karena museum ini bner2 dan di jaga.
semoga para pengunjung dan pengurus lebih menghrgai dan menjga peninggaln bersejarah ini. …";Positif
Rysman Hady Wijaya;4 tahun lalu;"Inilah salah satu situs budaya peninggalan kraton Sumenep,yaitu taman sare.
Yg dimana pada dulu kala digunakan utk pemandian putri kerajaan,
Mitos nya siapa saja yg membasuh mukanya dgn air di kolam itu akan awet muda,dan lainnya juga";Netral
Rudy Prayitno (Rudy SP);4 tahun lalu;Tgl. 28 Juli 2019 bersama sahabat SDN Wonokusumo IV Surabaya. Beberapa kali kami berkunjung ke Museum Kraton Sumenep. Tgl. 17 November 2018 usai mengikuti apel Akbar HUT PGRI Jawa Timur di Stadion A.Yani bersama teman KS Kec. Kenjeran. …;Netral
AgungBN Chanel;4 tahun lalu;Suasana menarik. Wisata pendidikan. Ada pendamping ketika kita berkeliling jd bisa tahu ceritanya. Tp toiletnya kurang bersih. Disekitarnya jg byk sampah dari pepohonan;Negatif
Devi Puspitasari;4 tahun lalu;Banyak situs sejarah yang masih tersimpan rapi dan terjaga, contohnya kasur raja, kolam potre koneng, labang mesem, dll. Semoga tetap berlanjut seperti ini dan lebih baik lagi.;Netral
Deta;4 tahun lalu;Kebetulan kami berkunjung di sini di waktu libur bersama. Jadi kerolaton tutup, tetapi kebetulan ada pegawai yang mengijinkan kami masuk dan memberikan arahan sebentar kepada kami. Keraton dg bangunan arsitektur gabungan antara Jawa dan …;Netral
BUDI TOUR PLANER GUIDE;4 tahun lalu;Museum tertua yg ad di pulau madura pada zaman peradaban agama islam mulai tersebar di madura dan ada hubungan nya dengar penyebaran agama islam di pulau jawa dan kerajaaan2 islam yg ada di pulau jawa.;Netral
MIFTAHUL ARIFIN;4 tahun lalu;Waw.... Peninggalan sejarah keraton sumenep;Netral
Jeanette J;4 tahun lalu;Tempat bersejarah beserta keraton yg terdapat di kota Sumenep, pulau Madura. Tempat nya sangat luas dan asri, dengan pohon beringin yg besar dan rindang. Kompleks keraton sangat bersih dan terawat...;Netral
EMKA lutfi;4 tahun lalu;Terletak ditengah Kota Sumenep Madura Jawa Timur. Tempat wisata edukasi yg tepat bagi anak dan keluhan. Ada museum sejarah kerajaan dan perpustakaan juga;Netral
Andika Deni;4 tahun lalu;Suka sekali dengan tempat2 haritage kerajaan2 sperti ini, suasana sangat tenang, sangat bersih dn terawat baik di museum, pendopo agung ataupun di keputren, klu ke sumenep wajib ke kraton Sumenep;Netral
Rahma Aisyah;4 tahun lalu;Sebagai destinasi wisata sejarah di Sumenep. Tempatnya luas dan cukup bersih. Biasanya banyak peziarah atau wisatawan dari luar kota yang berkunjung.;Netral
A. I. R MUMTAZ;4 tahun lalu;Istana Keraton Sumenep (Keraton) terdaftar di depan Museum. Istana ini dibangun pada tahun 1762 di masa pemerintahan Tumengung Arya Nata Kusumo I. Terdiri dari Gerbang, Pendopo, Istana itu sendiri, Istana tua dan Taman Sare. Gerbang ini …;Netral
Suri Channel 77;4 tahun lalu;"Bagi yg ingin banyak tahu tentang sejarah Keraton yg ada di Madura, Keraton Sumenep ini cukup representatif karena sejarah Keraton ini bagian dari sejarah kerajaan yg ada di Indonesia.
Recommended dah pokoknya";Netral
Mohammad Faishol;4 tahun lalu;Tempatnya terletak di sebelah timur taman Adipura Sumenep... Terdapat pusaka, tempat tidur, kereta kencana dan lainnya, peninggalan para raja terdahulu...;Netral
RADEN PANJI AGOES;4 tahun lalu;"Sangat indah dan mempesona meliat
Kemegahan Lbhang Mesen yg merupakan ointu masuk kebKeratom Sumenep... Bravo Sumekar …";Positif
Maria Hani;4 tahun lalu;Semoga peninggalan ini terawat dengan baik sehingga anak cucu kita bisa menikmati dan menghargai perjuangan masa lampau;Netral
Andre Family;4 tahun lalu;Banyak menambah pengetahuan tentang sejarah.. Ternyata terbentuknya kerajaan Majapahit.. Awalnya dari keraton sumenep;Netral
Gunawan;4 tahun lalu;Tempatnya asyik buat belajar sejarah sumenep, tapi sayang media edukasi yg ada tidak maksimal dan terawat :(;Netral
ahmad fajrin;4 tahun lalu;Bagus dan sejuk suasananya;Positif
Djoko tolis;4 tahun lalu;Sebagai musium keraton, sangat banyak menyimpan peninggalan tempo dulu, yg tentu sangat bermanfaat unt kita ketahui dan menambah pengetahuan kita semua,;Netral
Bigster Production;4 tahun lalu;Museum disini terdapat bnyak sekali peninggalan pada masa kerajaan sumenep, mulai dari kereta kencana , dan lainlain;Netral
maskariem 777;4 tahun lalu;Sejarah kerajaan sumenep, era penjajahan belanda dan sebelumnya, bukti kejayan  dan budaya madura yg di lestarikan, oke banget;Netral
Bidara Surga;4 tahun lalu;Sangat bagus baik untuk santai dan berlibur.;Positif
16_MOH.NAUFAL RAFI IRFANSYAH;4 tahun lalu;Isi didalamnya cukup menarik & mengandung nilai kebudayaan yang menjadi ciri khas kota tersebut;Netral
Markunto Kasihana;4 tahun lalu;Silsilah raja dan bupati yg tertera di musium,  bisa menambah sejarah perkembangan madura;Netral
I One;4 tahun lalu;Salah satu museum yg yg ada d tengah kota ,dan banyak sekali peninggalan keraton sumenep yg terawat d sana;Netral
Rikawanto muljawan;4 tahun lalu;Keraton sumenep merupakan kebanggan masyarakat madura karena merupakan salah satu kerajaan kecil yang sangat penting dalam perjalanan sejarah kerajaan mojopahit. Sangat perlu dilestarikan sejajar dengan keraton lain di jawa seperti kasepuhan, kanoman di cirebon, kasultanan di solo dan yogya.;Netral
Alfares CF;4 tahun lalu;Tempatnya strategis & mudah di jangkau...dan banyak peninggalan2 sejarah konu;Netral
Rahman Ansory;4 tahun lalu;Mengenal dan mempelajari sejarah keraton sumenep dari sisa benda dan banguna yang masih kokoh berdiri sampai saat ini;Netral
Yume Wisata;4 tahun lalu;Pelajaran sejarah;Netral
Hidayat Hadi;4 tahun lalu;Bagussss banget!!  Dan batagor depan pintu masuk rekomended!!  ?????? . Dekat juga kalo mau ke masjid Agung sumpenep.  Instagramable banget!! …;Positif
Adri Santoso;4 tahun lalu;Satu satunya keraton yang masih terpelihara dengan baik sehingga mampu memberikan kontribusi nilai budaya nusantara;Netral
Abd Hadi;4 tahun lalu;penuh sejarah;Netral
Akhmad Muiz;4 tahun lalu;Tempat yang menyimpan sisa sisa dari sejarah yang dapat menambah ilmu dan pemahaman tentang cerita rakyat madura;Netral
SADDAM HUSIEN;4 tahun lalu;Tempat yang bagus untuk anak bermain;Positif
icha hujan;4 tahun lalu;Suka sama tempatnya adem;Netral
Amin Udin;4 tahun lalu;Museum Kerajaan sumenep Madura;Netral
Umi Nurkhabibah;4 tahun lalu;Masjidnya sangat nyaman. Baru disini nemu masjid yang airnya dingin. (khususnya dipulau madura);Netral
herdi harisandi;4 tahun lalu;Keraton Sumenep sisa peninggalan sejarah para raja, budaya adat istiadat kerajaan dan sistem pemerintan kerajaan.;Netral
Papa Juna;4 tahun lalu;tempat bagus untuk mengetahui sejarah kraton sumenep jaman dahulu;Positif
Muhammad Agil Gazali;4 tahun lalu;Sangat bersejarah. Pemandunya juga jelas saat menjelaskan bangunan dan seisinya.;Netral
Yeremia Rivieri;4 tahun lalu;Tempat nya bersih. Petugas yang berjaga juga ramah dan bersedia di wawancara apabila dibutuhkan;Netral
Alifa Hanami;4 tahun lalu;Museumnya masih dijaga.. dan di rawat. Bagus untuk edukasi terhadap anak;Positif
Lucky Tsabit;4 tahun lalu;Bagus, alami, koleksi nya banyak dan situs-situsnya masih terawat dengan baik;Positif
Dyah Indira;4 tahun lalu;Bagus, terawat, lestarikan;Positif
sinwan sinwan;4 tahun lalu;Cagar budaya yang cukup terawat dengan baik yang menyimpan sisa kejayaan keraton sumenep yang lokasinya di sumenep madura.;Netral
Tajuddin Akbar;4 tahun lalu;Perlu di tambah koleksinya. Sejak sy kecil sampai sekarang cuma itu2 aja;Netral
Sujono S.Pd.;4 tahun lalu;Museum raja raja dan keraton sumenep dari  jaman dulu sampai sekarang masih di jaga dengan baik keberadaannya.;Netral
Albi Oktaviansah;4 tahun lalu;Tempatnya sejuk, dan bisa menambah wawasan tentang sejarah kerajaan Sumenep;Netral
iFirdaus Albert Audrey _fir;4 tahun lalu;Tempat bersejarah yg hrs terus dijaga kelestariannya ?? …;Netral
Eko Muljawan;4 tahun lalu;Salah satu kerajaan kecil diujung timur pulau madura yang telah mengukir sejarah penting, seiring perjalanan sejarah panjang kerajaan mojopahit, keraton yang merupakan monumen sejarah yang menjadi kebanggaan masyarakat Madura khususnya …;Netral
Ta frichann;4 tahun lalu;Enak untuk dinikmati dan di kunjungi;Netral
Imey Nasywa;4 tahun lalu;nambah ilmu tetang sejarah tourguide nya ramah;Netral
ZULIYA SAFUTRI;4 tahun lalu;Disini kita belajar banyak sejarah tentang kab.  kota sumenep madura;Netral
Sinyo Priss;4 tahun lalu;Tempatnya bersih, pelayanan ramah, makanan enak dan murah ???? …;Netral
KHUSNAN AL AYYUBI;4 tahun lalu;Sangat penting untuk sejarah;Netral
Riska Amaliyah;4 tahun lalu;Tempat bagus untuk belajar kearifan lokal dengan nuansa tradisional;Positif
chandra dewi;4 tahun lalu;Banyak menyimpan cerita sejarah...patut dikunjungi;Netral
Muhammad El-Jazzary;4 tahun lalu;Jadilah bangsa yg besar dg tidak melupakan jati diri bangsa;Netral
aws channel;4 tahun lalu;Tempat wisata sejarah Sumenep dan Madura, cocok untuk belajar sejarah.;Netral
Nanang Prayudhy;4 tahun lalu;Salah satu tempat sejarah yang patut untuk dikunjungi;Netral
??????? ????????;4 tahun lalu;Tempat Peninggalan Peninggalan Keraton Sumenep Dulu,, Beserta Pendopo Dan Taman Pemandian Putri Keratonnya,, Excillent,,;Netral
Shan Heji;4 tahun lalu;Suasananya mantul;Netral
Fathorrachman Hasbullah;4 tahun lalu;salah satu tempat yg kudu didatangi sebagai salah satu sumber pengetahuan;Netral
Arfp 08;4 tahun lalu;Tempat bersejarah dan lokasinya mudah dicapai;Netral
prihatmadji montero;4 tahun lalu;Satu satunya kraton yang ada di Jawa timur, lokasinya dekat dengan alun alun kota Sumenep.;Netral
Achmad Al-Atas;4 tahun lalu;Kita bisa melihat peninggalan sejarah.;Netral
DAT.;4 tahun lalu;SEMUA PENINGGALAN KERAJAAN KERATON SUMENEP DI MASA LAMPAU MASIH TERJAGA RAPI DISINI. KECE;Netral
Gak Guna;4 tahun lalu;Akan banyak pengetahuan mengenai sejarah;Netral
Abdul Razak;4 tahun lalu;Sy sangat bersukur sudah sampai tempat Raja Raja;Netral
laiella santoso;4 tahun lalu;Tempatnya bagus dan masih terjaga keasliannya...;Positif
Mohammad Yani Rudiansyah;4 tahun lalu;Museumnya bagus, peninggalqn sejarahnya lengkap.;Positif
ranichabix rani;4 tahun lalu;Bagus,keren,sangat puas dengan apa yang saya lihat di musium itu;Positif
Mazidah Adelita Shofiyana;4 tahun lalu;Menyajikan sejarah kehidupan para raja sumenep yg mengagumkan;Netral
rizqiseptiann_;4 tahun lalu;Memberi kita pelajaran baru yg menyenangkan;Netral
Tape_bws gaming;4 tahun lalu;Menambah pengetahuan;Netral
Adi Sucipto;4 tahun lalu;Tempat nyaman;Netral
Rhadyta Millenia;4 tahun lalu;Alhamdulillah tenpatnya masih benar-benar terjaga?? …;Netral
Triyana Wijayanti;4 tahun lalu;Nuansa keratonnya masih sama kayak jaman Dulu;Netral
Zay Nuddin;4 tahun lalu;Toilet nya busuk kotor gak terawat;Negatif
Faridatul ilmi;4 tahun lalu;Ternyaman , serasa hidup di zaman doloe, tinggal di keraton , hehe;Netral
Ach Zulkifly;4 tahun lalu;Menyimpan banyak kenangan sejarah keraton sumenep;Netral
Sri Rossa Aisyah Puteri Baharie Puteri;4 tahun lalu;Tempat untuk bljr sejarah yg baik;Netral
Stasiun Ban Blitar;4 tahun lalu;Napak tilas;Netral
Giorzhino Al Gibran Effendi;4 tahun lalu;Rekomended buat tahu sejarah sumenep;Netral
anik anik;4 tahun lalu;Pengajian di museum;Netral
Zainatul Jannah;4 tahun lalu;Tempat yang sejuk, di tengah kota untuk kongkow bareng.;Netral
Nayla 060805;4 tahun lalu;Banyak dapat ilmu dri museum ini;Netral
Joker 357;4 tahun lalu;Penuh dengan sejarah jaman dahulu?? …;Netral
Tri Wahyuni;4 tahun lalu;Dijual juga jamu untuk wanita dan laki2???? …;Netral
IF CHANNEL;4 tahun lalu;Merupakan tempat barang barang kuno dimasa kerajaan sumenep;Netral
Fandi 2018;4 tahun lalu;Penuh dengan pembelajaran sejarah!!!;Netral
Ainul Anwar;4 tahun lalu;Keraton yg lestari satu-satunya d Jawa Timur;Netral
Shinta Embem;4 tahun lalu;Cocok buat wisata sejarah;Netral
Surip Pirus;4 tahun lalu;Salah satu tempat bersejarah di Sumenep;Netral
nur diantomo;4 tahun lalu;Tengah kota, alun2 deket dengan masjid jami';Netral
wida Ani;4 tahun lalu;Bisa menambah ilmu;Netral
Hosmi Y.;4 tahun lalu;Masih terawat sampe sekarang. Keren;Positif
Rival Maarivalalabror;4 tahun lalu;Menelusi jejak peninggalan kerajaan sumenep;Netral
Rizal Dhofir;4 tahun lalu;Informasi sejarahnya luar biasa;Netral
Inisial AR;4 tahun lalu;Tempat peninggalan raja masa dahulu;Netral
Akhmad Subaidi;4 tahun lalu;Tempat wisata sejarah kerajaan Sumenep;Netral
Mokhamad Choderi;4 tahun lalu;Luar biasa masih terjaga ke asliannya;Netral
Eko Widodo;4 tahun lalu;Tambahkan destinasi wisata anda;Netral
Seger Alharis;4 tahun lalu;menampilkan bagian masa lalu sumenep dengan kompleks;Netral
RUSDI SAIFUL ANWAR;4 tahun lalu;Salah satu tempat rekreasi keluarga;Netral
Awi Frilian;4 tahun lalu;musiup kraton smnep;Netral
Jufriyanto;4 tahun lalu;Tempat bersejarah yang keren;Positif
syafi mitos;4 tahun lalu;Masih ada yg harus di perbaiki;Netral
Astri Ardillah Arifin;4 tahun lalu;Tempat bersejarah;Netral
Heru Subroto;4 tahun lalu;Tersimpan  dengan baik dan benda sejarah;Netral
Eddy Sanjaya;4 tahun lalu;Tempat bersejarah;Netral
Bang. “Bang.Ge” Gege;4 tahun lalu;Sangat Unik Sekali;Netral
Wares Las vegas;4 tahun lalu;Tempat.a sangat bagus dan kreatif;Positif
Nanang Mahfudi;4 tahun lalu;Alhamdulillah nyapek dengan selamat dari musium keraton;Netral
Izanah Alfuadi;4 tahun lalu;Bagus banget nih..;Positif
Ramli Roly;4 tahun lalu;Keraton 1.1nya di Jawa Timur yang masih ada;Netral
DUTA OFFICIAL (Duta official);4 tahun lalu;Monumen sejarah kota kelahiranku..;Netral
syaiful amri;4 tahun lalu;Cocok buat edukasi;Netral
Romdhan Feriyadi;4 tahun lalu;Suasana gelap, kurang pencahayaan;Netral
agus pratama;4 tahun lalu;Sangat bagus musium sumenep;Positif
Fauzin Amin;4 tahun lalu;mantul ?????? …;Netral
Imam Rusdi;4 tahun lalu;Suka tempat2 sejarah;Netral
Didi TiRazZes Noor;4 tahun lalu;Bagus guide nya ...;Positif
Syaiful Rahman;4 tahun lalu;Masih terjaga ke alamiannya...;Netral
Akas 18;4 tahun lalu;tempat bersejarah;Netral
Hr Rahman;4 tahun lalu;Subhanalloh ... menakjubkan sekali ...;Netral
Siti Zubaidah;4 tahun lalu;Mantap.. Bersejarah..;Netral
Sasmita Elyah;4 tahun lalu;Banyak sejarah sumenep lengkap;Netral
McQ Vai;4 tahun lalu;Ok donk;Netral
Arif Kristiawan;4 tahun lalu;Serasa kembali ke masa lalu....;Netral
M Fandari;4 tahun lalu;Sangat menyenangkan;Netral
Surono Surono;4 tahun lalu;Belajar sejarah kerajaan sumenep;Netral
Rendie Danifi;4 tahun lalu;Tempat bersejarah di sumenep;Netral
Fariel Daldeldol;4 tahun lalu;bagus2 banget ya;Positif
IQBAL R. RAHMAN;4 tahun lalu;Tempat bersejarah Sumenep;Netral
Hidayatur Rahman;4 tahun lalu;pokoknya mantap;Netral
As'ad Fawaid;4 tahun lalu;org madura wajib datang kesini;Netral
Budi Yuliansah;4 tahun lalu;Perawatan yang kurang dan fasilitas yang kurang;Netral
nabil Khurriyah channel;4 tahun lalu;Bagus ada penjelasan;Positif
laksono joyo;4 tahun lalu;Ramah dalam pengunjung;Netral
pemuda blater;4 tahun lalu;Banyak pelajaran;Netral
Firman SMKN 2 TUBAN;4 tahun lalu;Masih eksotik dan original;Netral
nurman budi setiawan;4 tahun lalu;Bagus buat ensiklopedia?? …;Positif
Usman Sajalah;4 tahun lalu;?????? …;Netral
Satriyo Dwi;4 tahun lalu;begitu indah tempatnya;Positif
Kholiel Kholiel;4 tahun lalu;Terbaik;Netral
fawaid scout;4 tahun lalu;Tempat strategis;Netral
Nawarid Ap'za-ap;4 tahun lalu;Penuh sejarah;Netral
Bagus Priyo Utomo;4 tahun lalu;Mengenang sejarah;Netral
Yendi Laksono;4 tahun lalu;Sangat bagus;Positif
Aviv Cah Semprul;4 tahun lalu;Edu wisata;Netral
Roby Guard;4 tahun lalu;Situs bersejarah keraton;Netral
Hamdan Aufa;4 tahun lalu;Bagus dan Indah;Positif
Fuad Rafif Prasetyo;4 tahun lalu;Tempat bersih;Netral
Ibnu Hajar;4 tahun lalu;Musium Sumenep. Tempat sejarah sumenep;Netral
Yudi Se;4 tahun lalu;Menarik dan edukatif;Netral
Ha Nif;4 tahun lalu;Penuh sejarah;Netral
Hasan Al Asroriy Harum;4 tahun lalu;"Tempat peningfalan kraton
Songennep";Netral
abd rahman;4 tahun lalu;Peninggalan raja-raja sumenep;Netral
aizz Yasin;4 tahun lalu;Banyak koleksi keraton;Netral
Dharma Ifan;4 tahun lalu;Banyak ilmu;Netral
Yuky Arysandy;4 tahun lalu;Peninggalan raja raja sumenep;Netral
avi achmad Sholihin;4 tahun lalu;Museum sejarah keraton;Netral
H??????? R?k?;4 tahun lalu;Cagar Budaya Kota Sumenep;Netral
NENG dan AA CHANNEL;4 tahun lalu;Instagramable;Netral
Zainul Arifin;4 tahun lalu;Manteb,;Netral
Syech Abidin;4 tahun lalu;Nuansa keraton banget;Netral
Ecaa agnestia;4 tahun lalu;Tempat bersejara di sumenep.;Netral
Bank “Bam memo” Joyo;4 tahun lalu;Nyaman;Netral
Raden Sel;4 tahun lalu;Waw;Netral
Aditya Rio;4 tahun lalu;Lumayanlah;Netral
Mohammad Iksan;4 tahun lalu;Oke;Netral
masarif pct;4 tahun lalu;Baguslah;Positif
Kurniawan Wahyudi;4 tahun lalu;Super mantap;Netral
Maulana Fadhil;4 tahun lalu;Lumayan;Netral
wilson sihombing;4 tahun lalu;Lumayan;Netral
Angga Dinata;4 tahun lalu;Sejuk;Netral
Chanif fruliadi;4 tahun lalu;Baik;Netral
ahmad iskandar;4 tahun lalu;Suka;Netral
Ken Kerta;4 tahun lalu;Keren;Positif
Banjol Jool;4 tahun lalu;Bagus;Positif
ahmadfaizal20;4 tahun lalu;Joss;Netral
bilqis mujtaba;4 tahun lalu;Bagus;Positif
WARNAM ADVENTURE;4 tahun lalu;Bersih;Netral
Rudy Aryananda (Bang Rudy);4 tahun lalu;Keren;Positif
Yohanes Danni Prihartanto;4 tahun lalu;Bagus;Positif
Raden Riano Irwansjah;4 tahun lalu;Mantab;Netral
Mahfud _mifzal;4 tahun lalu;Sipp;Netral
Dhavid Dhavid;4 tahun lalu;Bagus;Positif
andi mulyono;4 tahun lalu;Mantab;Netral
SaiF Family;4 tahun lalu;Alhamdulillah....;Netral
Sin Can;4 tahun lalu;Sip;Netral
iwan widiatmoko;4 tahun lalu;Museum nusantara;Netral
raden bambang disko sugiarto;4 tahun lalu;Soul of madura;Netral
Mh “Leo” Romadhon;4 tahun lalu;Warisan Leluhur;Netral
arek trebungan chanel;4 tahun lalu;pengetahuan;Netral
Hafizh Rafizal Adnan;4 tahun lalu;Museum yang bagus. Anda bisa belajar banyak tentang sejarah Kerajaan Sumenep dan peninggalannya. Pemandu wisata yang sangat baik dan sangat murah (Anda hanya perlu mengeluarkan uang sekitar 5k rupiah untuk masuk ke mus …;Positif
FNA Programs;4 tahun lalu;Keraton Sumenep merupakan tempat tinggal resmi para Adipati/Raja selain sebagai tempat menjalankan roda pemerintahan. Kerajaan Sumenep sendiri dapat dikatakan sebagai kerajaan kecil (setingkat Kadipaten) pada masa itu, karena sebelum w …;Netral
johan koceng;4 tahun lalu;Keraton Sumenep merupakan peninggalan sejarah Kabupaten Sumenep yang diperintah oleh Arya Wiraraja. Dulu pernah dikunjungi oleh raja Majapahit Raden Wijaya untuk meminta perlindungan ketika Majapahit diserang oleh kerajaan lain. Sampai  …;Netral
Ken;4 tahun lalu;Museum yang bagus untuk mengetahui lebih dalam tentang Keraton Sumenep, termasuk sejarah, senjata, dan keseniannya. Selain itu, ada Taman Sare yang dulunya merupakan tempat mandi para anggota kerajaan. Namun, saat ini hanya kolam ikan raksa …;Positif
Noviyanto Abdullah;4 tahun lalu;Cocok untuk menghilangkan penat saat jalan-jalan kelilin …;Netral
Ach Mawardi;4 tahun lalu;Saya sangat menyukai sisa-sisa Keraton Sumenep, segala isinya mempunyai arti tersendiri;Netral
saifron kasiati;4 tahun lalu;Mengetahui sejarah benda dan cerita yang tertinggal. Mulai dari raja-raja yang pernah memerintah hingga beberapa kelebihan yang dianugerahkan Tuhan kepada mereka. Juga tentang bagaimana pada saat itu, ada sebuah Mushaf Al-Qur'an yang bisa ditulis hanya dalam satu malam oleh salah seorang Raja.;Netral
INDAH WULANDARI;4 tahun lalu;Detail sejarah sumenep akan didapat di sini;Netral
Dany Utono;4 tahun lalu;"Ini adalah satu-satunya ""kraton"" di Jawa Timur. Di sebelah timur pulau Madura Anda akan melihat dan menemukan istana yang indah dan sejarah asli orang Madura.";Positif
Aarix Anwar;4 tahun lalu;Bukannya tidak suka tapi hanya belum pernah mengunjungi temp …;Netral
Anas Kadi;4 tahun lalu;Sejarah seni Islam ada di museum yang indah ini;Positif
denny wijaya kusuma;4 tahun lalu;belajar tentang masa lalu kerajaan indonesia;Netral
Yuni Wahyuningsih;4 tahun lalu;Tempat luar bias …;Netral
Agus Gunawan;4 tahun lalu;;Netral
YulianaPutri Anggraini;4 tahun lalu;Tempat bersejarah yang terintegrasi. …;Netral
Egaa yanuar;4 tahun lalu;guudd …;Netral
Mr. Shofwan;4 tahun lalu;Bagus dan bers …;Positif
Ali Abror;4 tahun lalu;Tempat yang bagus untuk mempelajari sejarah Ke …;Positif
Lita Octaviana;4 tahun lalu;;Netral
Kurnia Yasyafir;4 tahun lalu;;Netral
NURUL FATMAWATI;4 tahun lalu;;Netral
bama hidayanto;4 tahun lalu;Bagus untuk pendidikan sejarah dan budaya sumenep;Positif
Diandraofficialchanel;4 tahun lalu;;Netral
zaini Art;4 tahun lalu;Peninggalan sejarah kerajaan Sunge …;Netral
dd wahyulianto;4 tahun lalu;Sejarah Kerajaan Pulau Madura;Netral
Detira Novita;4 tahun lalu;;Netral
Soqui Suqeje;4 tahun lalu;Tempat yan …;Netral
Reng Songennep;4 tahun lalu;Banyak hal sejarah;Netral
Syukron Nfc;4 tahun lalu;KEREEN;Netral
J Fachrudi;4 tahun lalu;Soengenep;Netral
habibul ghefiqi;4 tahun lalu;Asik;Netral
Sony Hadi;4 tahun lalu;jik …;Netral
arif alam;4 tahun lalu;Mereka selal …;Netral
Drag Labez46;4 tahun lalu;Ok …;Netral
Faiz Malolo;4 tahun lalu;Ok …;Netral
Melly Farida;4 tahun lalu;Luar bi …;Netral
yekti utaminingdyah;4 tahun lalu;Bagu …;Netral
Dullatëp;4 tahun lalu;Keraton Sumenep yang bersejar …;Netral
Halim Assadiyah;4 tahun lalu;Luar bias …;Netral
David van Niekerk;4 tahun lalu;Pengalaman luar b …;Netral
Obat Hati;4 tahun lalu;Bagu …;Netral
Indra Koswara;4 tahun lalu;Panduan ya …;Netral
Vintage & Car Audio;4 tahun lalu;Tempat yan …;Netral
handi Doe;4 tahun lalu;Museum biasa;Netral
Rayyan Elbari;4 tahun lalu;Wow;Netral
Yunik Khaerunnisak;4 tahun lalu;tujuan yang bagus;Positif
DECKRA;4 tahun lalu;;Netral
eL Ghorree;4 tahun lalu;Museum Sumenep;Netral
Nurul Inayah;4 tahun lalu;Secara histo …;Netral
Cholifa olif;5 bulan lalu;tempat bersejarah adem sejuk suasana nyaman, sneng aj pas kesana pertama kali ada adek adek yg latihan alat musik di situ. tenang ada mas pendamping kok disitu.. ramah bgt;Netral
ach choirul;5 bulan lalu;"Terdapat banyak koleksi dari masa raja di Sumenep, terutama di era Pemerintahan Sultan Abdurrahman.
Tempat belajar dan menggali pengetahuan tentang sejarah Sumenep";Netral
Indra Prasetyo;5 bulan lalu;"Benda-benda peninggalan kerajaan masih terjaga, bangunan keraton masih terjaga
Terima kasih kepada pemerintah Kabupaten Sumenep yang masih menjaga semuanya tetap asli";Netral
Syafi'i Rimba;5 bulan lalu;Tidak meninggalkan sejarah;Netral
khalid faruqi;5 bulan lalu;Tempat yang bersih, ramah, teduh dan sangat nyaman untuk rekreasi;Netral
Muhammad Jundy;5 bulan lalu;Napak tilas mencium aroma, merasakan aura kerajaan Sumenep;Netral
dian carolina;5 bulan lalu;Penuh dengan lampu2;Netral
Roliez07 Yanto;5 bulan lalu;Sound sistem miniatur;Netral
Rizal Arkad;5 bulan lalu;Tempatnya bersih,rimbun...;Netral
Cantika Dwi Savira;5 bulan lalu;Museum yang hebat, pengalaman yang luar biasa. Awalnya saya hanya ingin bersenang-senang tetapi akhi …;Netral
Achmad Fatoni;5 bulan lalu;Ditempatkan untuk belajar tentang sejarah pulau Madura dan p …;Netral
Arifah;5 bulan lalu;;Netral
dewi amaliyah;5 tahun lalu;Bagi yang ingin jalan jalan tempo dulu ada keraton kesultanan Madura (Sumenep) yang bagus banget buat dikunjungi saat liburan. Terdapat warisan budaya yang dapat kita lihat seperti bangunan keraton yang kokoh, kereta kuda, baju, perhiasan dan tempat mandi putri-putri keraton yang terjaga keasriannya.;Positif
Yunus;5 tahun lalu;"Tempat yang berisi banyak sejarah kota Sumenep yang sedikit sekali orang tau. Bahwa Sumenep memiliki pemimpin seorang kiyai dan pernah di beri banyak hadiah atau penghargaan dari Inggris.
Harga tiket masuk 3500. Dewasa anak"" 2000";Netral
inne Emmynaaa;5 tahun lalu;Masih terawat Dan menarik. Tiket masuk sangat murah Ada pemandunya juga. Tinggal kasih tips di ending trip;Netral
Mila??????;5 tahun lalu;"Tempatnya Bagus, strategis, dan guide yang mendampingi selama berkeliling juga baik.
Banyak benda-benda bersejarah yang bisa dipelajari";Positif
Syam Harits;5 tahun lalu;Tempatnya bagus dan pelayanan yg baik. Koleksi juga masih tersim0an dengan baik. Kondisi bersih dan asri. Tiket murah;Positif
Dean Handiyansyah;5 tahun lalu;Banyak benda benda peninggalan kraton madura yang dapat di gunakan untuk mempelajari kehidupan mereka pada masa lalu. Tapi, saat saya datang masih dalam keadaan di renovasi, dan tidak ada papan petunjuk arah serta tidak ada pemandu nya.. Dan tempat yang menarik sangat kurang.  Semoga pihak pemerintahan sumenep dapat memperbaiki nya;Netral
restu rozalina;5 tahun lalu;Belajar tentang kebudayaan dan peninggalan keraton sumenep.liburan bersama anak2 menambah wawasan dan cinta tanah air;Netral
Esty Krisnawati;5 tahun lalu;Banyak pengetahuan yang kita dapat tentang budaya madura. Dan dipendopo juga jual jamu racikan asli madura yang harganya murah badai .. Hehehee..;Netral
Oki Taruna Dewangga;5 tahun lalu;Sayang kurang terawat padahal punya nilai sejarah yg tinggi;Netral
Aynul92;5 tahun lalu;Bagus sudah ada pemandunya jadi bisa tau sejarahnya tempo dulu;Positif
Erwin Brewok;5 tahun lalu;Makam keluarga raja yg masih banyak d kunjung para peziarah dari segalapenjuru &selalu ada si bolang yg selalu muncul yg polos;Netral
Hakim Catur Y.;5 tahun lalu;Tempat bersejarah, namun kurang terawat, rehabnya tidak bergaya klasik.;Netral
Hammada Syarif;5 tahun lalu;Museum tempat peninggalan Kerajaan Sumenep di Pulau Madura, biaya masuknya 2.000/orang.;Netral
Wisata Madura;5 tahun lalu;Satu-satunya kompleks Museum dan Keraton yang ada di Pulau Madura serta terbuka untuk umum;Netral
Jurnalisman Jurnal;5 tahun lalu;Sayang kebersihan nya kurang dijaga....;Netral
Eny Tri Winarti;5 tahun lalu;Keraton yang masih lengkap keberadaannya di jawa timur;Netral
hendro pratono;5 tahun lalu;"Bagus cuma agak kurang terawat koleksinya...
pemandunya sangat ramah";Positif
Mohammad Hadrowi;5 tahun lalu;Kunjungi museum kraton sumenep.. dijamin seru.. travel sambil belajar.. sejarah itu penting tretan!!;Netral
Inna Endri Prasetyo;5 tahun lalu;Tempat bersejarah sekaligus bisa jadi tujuan wisata bersama keluarga. Ukiran pada perabot rumah sangat bagus . Tempatnya cukup teduh bisa untuk melepaskan penat sejenak setelah keliling kota sumenep;Positif
Anggen Farestining Manah;5 tahun lalu;Dapat mengetahui sejarah raja sumenep;Netral
Fauzi Setiawan;5 tahun lalu;Buat yang seneng sejarah.. ada baiknya baca2 dulu latar belakang tentang keraton sumenep. Barang2 peninggalan lumayan banyak, sayang tempatnya kurang dirawat dan dijaga dengan optimal. Ada area2 yang belum dieksplorasi secara mendalam;Netral
Sobri channel;5 tahun lalu;"Tempat bersejarah orang2 sumenep...memiliki peninggalan2 antik yg luar biasa.museum ini memiliki gerbang yg bernama ""labang mesem"" ,yg didirikan pd masa jokotole.";Netral
Debrina Oktavianty;5 tahun lalu;Bisa nambah wawasan sejarah, dan ngajari anak2 tentang sejarah yg ada di sumenep. Di mulai dari diri sendiri dulu mencintai dan menjaga budaya trus di tularin ke anak2, trus ke kalian. Monggo berkunjung?????? …;Netral
Alfira Dian Evitarinda;5 tahun lalu;Klo kita kesana bisa kebayang hidup di jaman kerajaan;Netral
SPENSABA CHANNEL;5 tahun lalu;"SUMEKAR. Sumenep Kraton adalah istana raja yang dibangun oleh Aria Wiraradja.
Di museum kraton disimpan benda2 peninggalan Raja Sumenep dari masa ke masa.
Seorang guide akan menuntun dan menjelaskan pada pengunjung mengenai seluk beluk kraton.";Netral
anwar subianto;5 tahun lalu;Bagus....indah...artistik;Positif
Sasuibi 19;5 tahun lalu;Disana kita bisa menambah wawasan tentang sejarah dan peninggalan dari kota sumenep... tempatnya juga lumayan bagus dan terawat;Positif
Kenedy Muammar Kadafi;5 tahun lalu;Keratonnya bagus. Masih belum banyak diganti.;Positif
Guntur Jatmiko;5 tahun lalu;"Sejarah keraton sumenep dan jawa yg berhubungan.
Tempat wisata sejarah yg wajib dikunjungi.
Ada guide yg ramah setia mendampingi kita";Netral
Haria Aqsha;5 tahun lalu;Tempat bersejarah;Netral
Ju Gira;5 tahun lalu;Salah satu Tempat bersejarah di kabupaten Sumenep yang mana dulunya keraton ini adalah pusat pemerintahan di kabupaten Sumenep, dan juga tempat tinggal seorang raja atau sultan;Netral
Kadek deasy irvianti;5 tahun lalu;Tempatnya kurang terawat...;Netral
Bang Dedy;5 tahun lalu;"Sangat cocok untuk belajar sejarah kerajaan yang adadi Sumenep.
Tiket masuknya pun murah";Netral
Amiruddin Alatas;5 tahun lalu;Saya kasi.bintang 4 karena keraton ini ada di jantung kota Sumenep dan masih memelihara warisan benda benda dan bangunan kuno secara baik.;Netral
Kangmas Yosa;5 tahun lalu;Rekreasi di pulau madura bila sudah sampai pantai yang ada di kota sumenep rugi rasanya bila tidak singgah di tempat ini;Netral
R. Zulkarnain;5 tahun lalu;Tempat ini masih termasuk di area jalan umum jadi harus benar-benar hati-hati saat berada diarea ini;Netral
lazuardi muttaqien;5 tahun lalu;Lokasi kurang besar. Tapi konsep museum di madura. Ini yng cukup bagus;Positif
mohammad syamsudin;5 tahun lalu;Tempat bersejarah;Netral
hadi purnomo;5 tahun lalu;Tempat ini cocok buat untuk menambah wawasan kita tentang kebudayaan dan sejarah di sumenep.;Netral
Siti Fatimah;5 tahun lalu;Sangat bagus...bisa mengenang jsa para pahlawan dan tokoh agama Islam...;Positif
Abdul Hafid;5 tahun lalu;Museum sbgai tmpat bnda peninggalan sejarah yg harus di jaga.;Netral
Rakhma Sinseria;5 tahun lalu;The only keraton heritage in Jawa Timur;Netral
Nur Zalifatul;5 tahun lalu;Tempat sejarah orang sumenep. Memiliki tempat yg bersih dan lain-lain.;Netral
Hindra Kurniawan;5 tahun lalu;Menyimpan berbagai peninggalan kerajaan. Serasa kembali ke masa lampau.;Netral
Aufa Luqyan;5 tahun lalu;bagus dan bersejarah;Positif
Pithe TV;5 tahun lalu;Kalau ada sisa waktu di Sumenep ... bingung mau kemana ? Main aja ke keraton sumenep... sekaligus melihat sejarah Sumenep.;Netral
Agus Wahyudi;5 tahun lalu;Merupakan tempat bersejarah dikabupaten sumenep ujung timur pulau madura;Netral
rif Madurania;5 tahun lalu;Sangat kental  aroma dan budaya lokal yang harus dilestarikan;Netral
Mu'min Faishal;5 tahun lalu;Tempat bersejarah di Sumenep. Kalau anda ke Sumenep tidak lengkap rasanya kalau belum mengunjungi tempat ini;Netral
Budhi Artha;5 tahun lalu;Eksotik;Netral
Amanda Rizky Ramadhani;5 tahun lalu;Banyaj sejarah yg belum kita ketahui jadi kita ketahui;Netral
Angga Pradana Kusumawardi;5 tahun lalu;Tempat yang bersejarah.;Netral
totok irfandi;5 tahun lalu;menggugah semangat perjuangan dan segala budaya nya;Netral
MUHAMMAD FARIS23;5 tahun lalu;Bagus & Penuh Sejarah yg tersimpan dengan baik.....;Positif
FaizaL iQBaL CheneL;5 tahun lalu;Dari sejarah kita bisa berkembang..;Netral
Wira Nadtasya;5 tahun lalu;cukup menceritakan sejarah tentang kota sumenep ?? …;Netral
vicky achmad;5 tahun lalu;Keren banget rasanya kayak di Jogja Jogja gitu deh pokoknya;Positif
Kamera Pedia;5 tahun lalu;Sangat membantu mengenal sejarah para leluhur;Netral
Firdan Mukhtar;5 tahun lalu;Tempatnya menarik, tour guidenya handal.;Netral
Siti Fatimah;5 tahun lalu;Bagus bnyk nilai sejarahnya...;Positif
Edrine Ajeng;5 tahun lalu;Tempatnya bersih dan makanannya mantap dan enakkk ?? …;Netral
AZKI NOGODJOYO;5 tahun lalu;Tempat bersejarah yang harua di jaga;Netral
HadiArtomo;5 tahun lalu;Banyak fakta sejarah yang bisa diungkap;Netral
Salman Alfarisi;5 tahun lalu;Saya pernah kesitu tempat nya sangat indah;Positif
Tristar Youtube;5 tahun lalu;Di museum keraton;Netral
Mas Cink;5 tahun lalu;Tempat peninggalan sejarah kerajaan sumenep;Netral
Mr. Hari day;5 tahun lalu;Tempat peninggalan bersejarah keraton sumenep;Netral
maspud Ok;5 tahun lalu;Bagus sebagai koperasi sejarah kerajaan;Positif
Rauf Tameka;5 tahun lalu;Ramai, tapi bangunan kurang terawat..;Netral
syam art;5 tahun lalu;Jalan jalan sambil belajar sejarah;Netral
Rahmatul 73;5 tahun lalu;Bagus. Dalam nilai sejarahnya;Positif
Nurul Fajry;5 tahun lalu;utk lebih tau sejarah keraton sumenep;Netral
RojoMaidho Gaming;5 tahun lalu;Bagus untuk mengenal sejarah madura;Positif
Hadi Soekamto;5 tahun lalu;Menambah wawasan sejarah dan budaya.;Netral
home . id;5 tahun lalu;Tempat sejarah peradaban Islam;Netral
Totok Febriyanto;5 tahun lalu;Kumpulan benda kuno daerah sumeneb;Netral
GUBUK TUA;5 tahun lalu;Bagus alami lingkungannya hidup;Positif
Lucky Emilio;5 tahun lalu;Tempat bersejarah kerajaan sumenep;Netral
nanang fadhori;5 tahun lalu;Mohon ditingkatkan kerapian taman..???? …;Netral
rudiyanto rudy;5 tahun lalu;Tempat bersejarah;Netral
Cink 20;5 tahun lalu;Tempat bersejarah;Netral
Nur Kholifah;5 tahun lalu;Tempat bersejarah;Netral
Zainol Fata;5 tahun lalu;Karena tempat bersejarah;Netral
hadi widodo;5 tahun lalu;Penuh seni dan budaya kultur;Netral
Mohammad Agus Setiawan;5 tahun lalu;Tempatnya bagus;Positif
Lidaf Crazy;5 tahun lalu;Tp masih kurang terbuka;Netral
Fatah Firdaus;5 tahun lalu;Sangat menarik;Netral
Zaki Yudin;5 tahun lalu;Lumayan terawat;Netral
Christine Tobela;5 tahun lalu;Bangunan utuh,bersih dan nyaman;Netral
Syafril Nurullah;5 tahun lalu;Cagar Budaya dengan Nuansa Eksotis dan Mempesona;Netral
Non Nitta;5 tahun lalu;Bangunan bersejarah;Netral
tieta channel;5 tahun lalu;Keraton bekas kerajaan sumenep soengennep semekar;Netral
Suherman;5 tahun lalu;Belajar dan Mengenang sejarah;Netral
Anaz Almansour (Motivator Indonesia);5 tahun lalu;Kurang perawatan;Netral
Rahwini Suwandi;5 tahun lalu;Menampilkan benda benda peninggalan keraton Sumenep;Netral
Bekti As;5 tahun lalu;Bersejarah infonyq;Netral
Rizka Aliyya;5 tahun lalu;Panas kurang menarik;Netral
Fathjar Hidayatulloh;5 tahun lalu;Not bad lah...;Netral
Nurinna Afiyah;5 tahun lalu;Kekayaan sumenep yang wajib dijaga;Netral
kang moko;5 tahun lalu;Kaya sejarah dan informasi;Netral
M Kholis;5 tahun lalu;Penuh sejarah;Netral
Mas Waie;5 tahun lalu;Tempat yang sejuk;Netral
Wahyu Dyana;5 tahun lalu;Penuh sejarah;Netral
Story Bola;5 tahun lalu;Musium peninggalan raja;Netral
Rendra Warits;5 tahun lalu;Keraton satu satunya di Jawa Timur;Netral
Randi Wahyufirmansyah;5 tahun lalu;Kapan k sini lagi;Netral
Riddwan Widiyantoro;5 tahun lalu;Bagus polll;Positif
Rodi yanto;5 tahun lalu;Wisata religi;Netral
Yudie sofyan;5 tahun lalu;Wisata budaya;Netral
Hilmy mufli;5 tahun lalu;Alhamdulillah terbantu....;Netral
NAVIS ZUHDI;5 tahun lalu;Mantap;Netral
ayyien SNB;5 tahun lalu;Bagus;Positif
Salmiyatun Yusma;5 tahun lalu;Mantap;Netral
Rahman Aundjan;5 tahun lalu;Bagus;Positif
novidha satya ningtyas;5 tahun lalu;Bersih;Netral
Abrori Mannan;5 tahun lalu;Sangat original;Netral
Didik Frendi;5 tahun lalu;Sejuk;Netral
Achmad irvan huda;5 tahun lalu;Keren;Positif
novairi husaini;5 tahun lalu;Musim keraton sumenep;Netral
Jhon Borneo;5 tahun lalu;Mantap;Netral
Deby Alivia;5 tahun lalu;Mayan;Netral
Rendra Apriyanto;5 tahun lalu;Kunjungan lapangan ASI …;Netral
Krisna Suharto;5 tahun lalu;Masih ada sisa-sisa kejayaan Kerajaan Madura di masa lampau yang bisa diceritakan kepad …;Netral
Hanif Nur S;5 tahun lalu;HTMnya murah, ada juga guide yang menjelaskan kisah kerajaan Sumene …;Netral
Graeme Ts;5 tahun lalu;Museum kecil yang menarik. Agak rusak tetapi beberapa pameran bagus.;Positif
Sugiyanto Sugiyanto;5 tahun lalu;Tempat yang bagus untuk mempelajari sejarah …;Positif
Afwan Syairozi;5 tahun lalu;Membayangkan Madura jaman dulu, transportasi seperti apa, bagaimana mata pencaharian masyarakat jaman …;Netral
Ahmad Fauzih;5 tahun lalu;Sangat bermanfaat mengingat keberhasilan kerajaan S …;Netral
daan andraan;5 tahun lalu;;Netral
Yasmine Nurmala;5 tahun lalu;Terlalu sederhana dan tempat yang …;Netral
achmad nizar;5 tahun lalu;Banyak sejarah lokal yang bisa A …;Netral
Muhamad Samudi Yasir;5 tahun lalu;beberapa item yang ditampilkan terlihat perlu pemelihar …;Netral
Mbah Imam;5 tahun lalu;;Netral
Teddy Rozarius;5 tahun lalu;Kesuksesan Sumenep bisa kita hormati...;Netral
Ishak Kuswandi;5 tahun lalu;;Netral
alief sambogo;5 tahun lalu;Bagu …;Netral
MUHAMMAD KHOLID HASIBUAN;5 tahun lalu;;Netral
Musiroh Talib;5 tahun lalu;Sangat ba …;Netral
Martin Hughes;5 tahun lalu;Gamelan minggu saja;Netral
olivia lauw;5 tahun lalu;Tempat yang sangat i …;Netral
Thanawat Tangpornpisit;5 tahun lalu;Banyak barang-barang …;Netral
Hari Oko;5 tahun lalu;melay …;Netral
Noor Widyaningsih;5 tahun lalu;Luar bi …;Netral
fajar yuli prasetyo;5 tahun lalu;tempat yang …;Netral
Muslimah Ahsan;5 tahun lalu;Tempat ter …;Netral
angel amalia;5 tahun lalu;Sep …;Netral
TaeKwonDo Kidz;5 tahun lalu;Sangat kun …;Netral
TV Madura;5 tahun lalu;Policeline.co;Netral
Anthon republiex;5 tahun lalu;;Netral
Budi Waluyo;5 tahun lalu;;Netral
Linni Ati;5 tahun lalu;;Netral
Abd. Basith;5 tahun lalu;;Netral
ADITYA SN;5 tahun lalu;;Netral
Agnes Clara;5 tahun lalu;;Netral
NFN Chanel;6 bulan lalu;Masi terawat, saya sering ngajak anak saya main ke keraton sumenep.;Netral
Rahman Esto;6 bulan lalu;Silaturahmi Bupati dan Wakil Bupati Sumenep bersama Para Ulama, Habaib, Tokoh Masyarakat dan Santunan Anak Yatim di Pendopo Keraton Sumenep Tahun 2023;Netral
Dhian Resti;6 bulan lalu;kesini gara2 tiktok ap jga ada yang jualan ramuan buat promil;Netral
tomi jomaliawan;6 bulan lalu;Hanya lewat untuk mengikuti rapat di Rumah Dinas Bupati;Netral
Aank Sapudi;6 bulan lalu;Mantap;Netral
Achmad Fauzan;6 bulan lalu;;Netral
Sudi Pratikno;6 hari lalu;"Bagus untuk menjadi tujuan destinasi wisata edukasi dan sejarah.
Satu-satunya keraton yang masih ada di Provinsi Jawa Timur.";Positif
kurnia indah;7 bulan lalu;Infonya buka jm 7 udh nunggu dr jm 6.30 smpe jm 8 kita rombongan dr surabaya kecewa bgt siih asli;Netral
taufiex jungle;7 bulan lalu;Tuk kenal sejarah kerajaan sumenep;Netral
Aku Kakeh;7 bulan lalu;Super sekali bisa menginjakkan kaki di area keraton dan belajar sejarah;Netral
Purwito Haddi23;7 bulan lalu;Bagus;Positif
Hi dayat;7 bulan lalu;;Netral
fatihur raihandi reihan;8 bulan lalu;sebuah tempat yang masih menyimpan aset2 kerjaan madura serta di pelihara dengan baik;Netral
Ninis Nugrahaini;8 bulan lalu;Suka ada semacam pemandu wisatanya. Jadi di jelasin juga ttg tempat yg saat itu qt kunjungi;Netral
Putra Chajar;8 bulan lalu;"Peninggalan bersejarah keraton sumenep, masyaallah keren banget ?? Terimakasih Mas Rian sudah menemani kami keliling keraton hari ini, memberikan penjelasan sedetail-detailnya, telaten, kalem, ramah. Saya setuju kalau ke sumenep memang sebaiknya menginap, seperti arti kata sumenep dalam bahasa madura ""songennep"" ???? …";Positif
Gregorius Putut;8 bulan lalu;Msh terawat dan terjaga kultur nya. Pesan but yg bikin event disini, saat sound check, hrs pakai musik gamelan/tradisional;Netral
Abdul Haris Mekkasân;8 bulan lalu;Tempatnya bagus banyak peninggalan sejarah keraton Sumenep Zaman dahulu;Positif
Jejak Slamet;8 bulan lalu;Banyak pengginggalan bersejarah...konstruksi identik dengan maajid Sumenep;Netral
fadhilla marmer digitalbas03;9 bulan lalu;Keraton sumenep, Satu²nya keraton di madura yg masih bisa di kunjungi, bangunan masih berdiri kokoh dan terawat, skrng ada tour ladernya, dia sngt ramah dan sngt detail penjelasannya;Netral
Iqbal Muhammad Fajar;9 bulan lalu;Tidak lengkap ke Sumenep tanpa mengunjungi tempat ini. Bapak pegawainya juga ramah ?? …;Netral
Agus Riadi;9 bulan lalu;Luar biasa,baru 1x kesana..;Netral
M. Misnawi;9 bulan lalu;Banyak pengalaman yg saya tahu lewat peninggalan raja raja Sumenep;Netral
Fathor Rahman;9 bulan lalu;Bukti kuat nilai sejarah madura...;Netral
Halili Mohammad;9 bulan lalu;Bagus cocok untuk menambah wawasan;Positif
BID. PEMBINAAN SD SUMENEP;9 bulan lalu;Sangat mengapresiasi dan eksotis;Netral
F Eva Triatmojo;9 bulan lalu;Luar biasa;Netral
A'yunk Doank;9 bulan lalu;Keren;Positif
Chalily Abdullah;9 bulan lalu;Bagus;Positif
Widya Sari;9 bulan lalu;;Netral
Hnf Bhz;9 tahun lalu;;Netral
Roma Hudi;sebulan lalu;BerkunjC2:C1033ung karena ada kegiatan di pendopo bersama perwakilan teman2 se Jawa timur. Kesan pertama masuk serasa arena syuting film jaman kerajaan, hla emang ternyata area keraton. Ornamen judul dan unik. Banyak ukiran dan berbagai macam …;Netral
Vera Prayuwati;sebulan lalu;"Terima kasih atas jamuan Bapak Bupati kepada rombongan Erci Region Jatim.
Sumenep masih sangat menghargai peninggalan sejarah nya";Netral
odiegera;sebulan lalu;Bagi yg pergi ke Sumenep wajib mampir kesini. Ada petugas pendamping (Guide) yg orangnya seru banget & lucu, setiap spot akan dijelaskan secara rinci sejarah/kisahnya. Keren ?? …;Positif
Febry Alvan santana;sebulan lalu;Tempat yg sangat bersejarah d sumenep... apalagi sekarang ada event tahunan di area keraton sumenep Madura Ethnic Carnival.. Kereeenn;Netral
Novan Yahya;sebulan lalu;Tidak ada pemberitahuan di media sosial bagian wisata terkait kalo ada kegiatan sehingga museum ditutup. Sehingga jauh2 datang untuk berkunjung tidak bisa masuk.;Netral
Gus Dayat;sebulan lalu;Sebagai salah satu peninggalan bersejarah di kabupaten Sumenep, yg pernah ditempati oleh raja2;Netral
Irfan Jaya;sebulan lalu;Tempatnya bagus dan juga multifungsi untuk pembelajaran juga biss;Positif
Kurniadi Wijaya;sebulan lalu;Bagus & Lestari;Positif
Widhi Widhi;sebulan lalu;Koleksix kaya di film kolosal;Netral
Fahrur Rozi;sebulan lalu;Cukup bagus dan menarik;Positif
Siswanto;sebulan lalu;Bersih;Netral
SOKHIB Trans;sebulan lalu;Bagus;Positif
akhmad saiffudin;sebulan lalu;Cagar budaya;Netral
Shinta Ratna Ayu;seminggu lalu;Tong-tong kemarin didepan museum Keraton.. ramee bgtt ya pas ada event2 kyak gini dket dgn pusat kota yaitu taman bunga..;Netral
A. ramadhan;seminggu lalu;Benda2 koleksi museum cukup baik, terawat walaupun jmlnya masih terbatas yg dpt ditampilkan. Moga kedepan pihak museum bs menambah koleksinya;Netral
KP Lau;seminggu lalu;Tempat bersejarah dengan sejumlah artefak dan pajangan yang  …;Netral
fhyt 3;setahun lalu;"Rombongan ziarah Madura
Masuk bayar 5k per orang
Banyak perabot peninggalan raja"" zaman terdahulu dan beberapa ada yg di duplikat …";Netral
Gus Adie AL-Jailani;setahun lalu;Tempat Yang Paling Amazing dan bernilai di kabupaten Sumenep, dan satu2nya keraton yang masih ada di Propinsi Jawa Timur... kamu harus dateng ya, rasakan suasana keindahan Keraton Soengennep;Positif
Budi Setiawan;setahun lalu;Bekas pusat kerajaan Sumenep yang masih tersisa dan terawat;Netral
El_die putra Sumadi;setahun lalu;Mantap, dipandu langsung,tiket murah cuman berkisar 3000 tpi ini kalau rombongan kata guidnya, tempat yg srmpurna untuk mengenal dan mengenang sejarah;Netral
Ki Amrun;setahun lalu;Tempat ini sering saya kunjungi karena tempat ini sangat sejuk adem nyaman enak buat nyantai liat pengunjung dari luar Madura pelayanan sangat ramah.;Netral
Fiona Anastasia S P A (Yoona);setahun lalu;Bagus kok tempatnya tur nya juga enak, biasanya pengunjung datang secara rombongan kalau saya sendiri datang dengan sepupu saya, banya tempat foto dan beberapa peninggalan sejarah. Tapi beberapa sudah hancur apa mungkin karena kurang …;Positif
Aryan;setahun lalu;Sangat cocok untuk mengetahui sejarah raja raja dan ratu khususnya di daerah pulau Madura...;Netral
Lely Kartika Sari;setahun lalu;Tempat keraton bersejarah yg msh ada d daerah sumenep madura....bagus bs menambah ilmu pengetahuan;Positif
Yusuf SyfeL4;setahun lalu;Sangat megah & bersejarah... Tetap terjaga di lestarikan sampai saat ini;Netral
Rhiyananta Catur Yudowicitro;setahun lalu;Tempat ini merupakan satu-satunya Kraton yang masih utuh di Provinsi Jawa Timur;Netral
Wari Irawan;setahun lalu;Salut kepada pengelola tempat ini, karena banyak peninggalan kerajaan yang masih utuh dan terawat dengan baik;Netral
Anang Subianto (Anang);setahun lalu;Tempat nya bagus,,cm klu pas hari minggu kita kesulitan utk kelokasi,,sbab akses jalan di gunakan utk pasar minggu;Positif
Akhmad Sayogyo;setahun lalu;Salah satu peninggalan bersejarah;Netral
Moistury Zidan's;setahun lalu;Alhamdulillah puja puji syukur kehadirat Allah SWT, yang telah memberikan nikmati iman dan Islam, sehingga kita sebagai umat-Nya dengan sekuat tenaga dan kemampuannya, bisa menciptakan fitur ini sungguh luar biasa,,, ???????? …;Netral
Nani Ayuditya;setahun lalu;Disini tempatnya Sakral, jadi kalau main ke sini jangan melakukan hal-hal aneh terlebih kalau sampai melakukan sesuatu yang bisa merusak. Jangan ya?? …;Netral
bobby charlez;setahun lalu;Belajar sejarah adalah satu hal yg menyenangkan;Netral
dicky Moch rizal;setahun lalu;Tempat bersejarah yang sangat penting bagi rakyat Madura. Harus ada perbaikan fasilitas dan gedung yg sdh banyak yg rusak/bocor atapnya;Netral
HARYADI KURNIAWAN;setahun lalu;Museum kraton sumenep adalah museum kerajaan satu satunya di Madura yang terjaga keotentikannya, inilah bukti keraton Madura pernah berdiri, pemerintah daerah kabupaten Sumenep adalah pemkab yang oke dalam menjaga kelestarian budaya daerah. …;Netral
YUDY HERLAMBANG;setahun lalu;Peninggalan budaya yg masih tersisa di daerah Sumenep yg di tempatkan dalam suatu musium. Kita bisa mempelajari budaya peninggalan kerajaan Sumenep pada masa lalu. Dan kita harus bisa melestarikan dan mengapresiasi budaya masa lalu.;Netral
Rony Sastra;setahun lalu;Museum guide nya sangat ramah dan informatif. Membuat saya lebih mengerti tentang sejarah kerajaan sumenep dan kearifan lokal setempat sehingga saya bangga menjadi rakyat NKRI;Netral
Lo Itoh;setahun lalu;Ada tempat tidur Adipati Abdulrachman yg berarsitektur Tiongkok dan Alquran 30 Zus tulisan tgn adipati Abdukrachman yg konon ditulis tanpa jeda dlm.24 jam sj;Netral
Ummi Faridlah;setahun lalu;Tempat bersejarah bagi kota Sumenep dengan suasana yang nyaman dan teduh...terasa sakral dengan bagian² yang penuh sejarah...;Netral
Juhari JOjoh (JOH);setahun lalu;Sangat menyenangkan dan bisa mengetahui terkait sejarah pada waktu kerajaan di sumenep Mantap;Netral
Amar Hasyim;setahun lalu;Keraton songenep;Netral
Marbot Masjid;setahun lalu;Bersyukur bisa belajar Sejarah Kerajaan-kerajaan di Indonesia salah satunya di Pulau Madura;Netral
Adi Cakep07;setahun lalu;Tempatnya sungguh menyenangkan;Netral
Rifky Yudha Mahendra;setahun lalu;Dengan harga yg terjangkau, kita mendapat pengetahuan yg luar biasa terkait peninggalan  keraton Sumenep dari jaman dulu;Netral
Fikri Zainurrahman;setahun lalu;Salahsatu peninggalan sejarah yang ada di Sumenep, didalamnya ada berbagai macam benda peninggalan raja-raja sumenep;Netral
Annisa Rahmawati;setahun lalu;Masih banyak pengunjung yang buang sampah sembarangan. Mungkin bisa lebih diperbanyak tempat sampah;Negatif
Fast Track Pro;setahun lalu;Peninggalan sejarah yang unik;Netral
syarif gokilz;setahun lalu;Tempat sangat sakral dan bagus ada kolam ikan dan banyak mengandung sejarah di dalamnya;Positif
Heru Djatmika;setahun lalu;Kereen …;Netral
Operator 44;setahun lalu;Keraton Sumenep adalah tempat kediaman resmi para Adipati/Raja-Raja selain sebagai tempat untuk menjalankan roda pemerintahan. Kerajaan Sumenep;Netral
noer Laili;setahun lalu;Bersih dan pemandunya;Netral
Afif Yanto;setahun lalu;Gak ada bosennya meski sudah berapakali kesini kareba nilai sejarah begitu tinggi;Netral
Win Mobilio;setahun lalu;Tempat penuh sejarah sumenep;Netral
Dockoen Kuncoro;setahun lalu;Napak tilas kerajaan  Sumenep...;Netral
Simpel Sampel;setahun lalu;Sejarah yg pernah ada dan tdk pernh saya tau keberadaannya dulu;Netral
AGUS SANTOSO;setahun lalu;Yang terbaru tahun 2022 terus lebih maju dan berkembang;Netral
Kriusss Channel;setahun lalu;Senang bisa berkunjung ke sini, tempat yang indah penuh dengan sejarah..;Positif
Hairul Anwar;setahun lalu;Sangat keren, nuansa sejarah-budaya sangat kental;Positif
Nur Rochmah Irawati;setahun lalu;?????? …;Netral
Alfarisi Waris;setahun lalu;Bagus;Positif
Widi Yanto;setahun lalu;Menyimpan berbagai informasi Semenep yang kaya dengan berbagai budaya lokal;Netral
Yudi Hermawan;setahun lalu;Alhamdulilah kesampaian juga 19 feb 2022 di sumenep;Netral
mila hendriana;setahun lalu;Tempatnya bagus, bisa foto prewedding juga;Positif
Imank;setahun lalu;Bagus banget sayangnya toilet kurang di perhatikan;Positif
akh mufris;setahun lalu;Museum Sumenep merupakan tempat penyimpanan benda-benda bersejarah peninggalan keraton Sumenep;Netral
Samil on 7;setahun lalu;Bagus sekali;Positif
AHYAK ULUMUDDIN;setahun lalu;Salah satu musium yg masih utuh di Madura hanya musium keraton sumenep;Netral
Anna Zeva;setahun lalu;Tempatnya bagus. Petugasnya ramah dan baik;Positif
Arief Santoso;setahun lalu;Keraton sumenep peninggalan zaman dahulu yg bagus untuk dikunjungi;Positif
Rahiki Maktum;setahun lalu;Bagus dan pemandunya ramah sekali;Positif
Abdul Khayat;setahun lalu;Tempat penyimpanan barang2 lama bersejarah,,;Netral
Helyatul Fikriyah;setahun lalu;Mungkin pelayanan nya peelu di tingjatkan lagi;Netral
Rully Kadher;setahun lalu;Tetep terpelihara untuk saksi sejarah;Netral
Iffah Asith;setahun lalu;Lengkap dengan museum peninggalan raja2 sumenep;Netral
Yoepy Priyono;setahun lalu;Parkiran luas dan tempat kuliner juga ada;Netral
thoyib chenell;setahun lalu;Cukup baik;Netral
singgih andi;setahun lalu;Tempat bersejarah yg luar biasah ?? …;Netral
Laisa Tude;setahun lalu;Sangat Berkesan Bisa Berkunjung Di Keraton Sumenep;Netral
Reza Nurwansyah;setahun lalu;Museum pada umumnya;Netral
Khalid Faruqi;setahun lalu;Tempat yg nyaman untuk dikunjungi;Netral
???d? ?Le?ge?n?d?;setahun lalu;Masjid sangat bagus;Positif
Anisa;setahun lalu;Tempat bersejarah wajib dikunjungi;Netral
Ali Farid Ayek;setahun lalu;Perlu penataan lagi;Netral
Ustadz Rohim369;setahun lalu;Museum yang sangat bersejarah;Netral
Nacier 90;setahun lalu;Menambah wawasan tentang sejatah...;Netral
Dwi Fitra Afandani;setahun lalu;Satu satunya keraton di madura;Netral
Wahyu Widaryatmo;setahun lalu;Budaya modern dijamannya;Netral
Haikal MA;setahun lalu;Sangat Mengedukasi;Netral
nurman inonk;setahun lalu;Karton tertua dan keramat;Netral
Moh Darvin;setahun lalu;?? …;Netral
feddry permana;setahun lalu;Sejarah sonegenep;Netral
Farizal 07;setahun lalu;?? …;Netral
ANNAS SUMAR;setahun lalu;Sejuk;Netral
Achmad Hendra Suryadi;setahun lalu;Luar biasa;Netral
Mamik Siswanto;setahun lalu;Bagus;Positif
Nur Aziz;setahun lalu;Ramah masyarakat sumenep;Netral
Agus Winarto;setahun lalu;Mantap;Netral
AS MUKHLIS;setahun lalu;Siip;Netral
Badrul Akhmadi;setahun lalu;Legenda;Netral
Belgis Calysta;setahun lalu;Kearifan Lokal;Netral
Solihin Nasrudin;setahun lalu;Pemandu yang familier;Netral
muhammad annas;setahun lalu;Bagus;Positif
Arifin Sajhuma;setahun lalu;Bagus;Positif
Mursid muflih Muflih;setahun lalu;Mantan;Netral
Mol Yadi;setahun lalu;Kota Sumenep;Netral
sitti aisyah;setahun lalu;Mengesankan;Netral
Paparenx Electro;setahun lalu;Sangat bagus dan penuh kenang …;Positif
Andik Tohari;setahun lalu;Tempat yang bagus untuk dikunjungi. Anda akan belajar banyak tentang sejarah Madura, khususnya Sumenep. Sebelum pulang, Anda bisa membeli beberapa oleh-oleh otentik di toko  …;Positif
Laurent Roger Jacob;setahun lalu;Yang paling kami hargai adalah keramahan staf. Museumnya tutup, tapi dibuka karena kami datang dari jauh. Bagus bukan?;Positif
Ronald Purba;setahun lalu;Sangat  …;Netral
Age Suharsohadi Bambang S;setahun lalu;warisan;Netral
Veramita Dwi;setahun lalu;tempat bersejara …;Netral
