User;Waktu;ulasan;sentimen
Nazziruddin Niam;setahun lalu;jauh2 dari nganjuk jawa timur ke pantai ini.. overall cukup oke, tapi kurang fasilitas dan jalan ke lokasi kurang bagus... …;Positif
Sultan Iskandar Dinata;setahun lalu;Pantainya bagus tapi masih kotor dengan berbagai bungkusnya makanan instan, seperti popmie dll, penerapan jangan buang sampah semberangan masih minim, pengunjung dengan se enaknya buang sampah di pinggir pantai.;Netral
Triza Agus Rynaldi;setahun lalu;Pantai masih terbilang bersih, berkunjung saat pertengahan minggu jadi tdk terlalu ramai. Lebih nyaman utk bisa kumpul dgn keluarga. …;Netral
Prap To;setahun lalu;suasana laut tenang dengan hamparan pasir putih serta hijaunya pepohonan cemara udang... aman buat anak2 mandi....;Netral
TNC Media;setahun lalu;"Destinasi wajib yg harus dikunjungi jika ke Sumenep,
Mohon sampahnya utk dikontrol secara proaktif tiap waktu";Negatif
Scorpion 08;setahun lalu;Pantai indah dengan pasir coklat emas dan rindangnya pohon Cemara;Positif
herlina mega;setahun lalu;Tempat bagus dan lumayan bersih air juga bersih.. Tapi parkiran agak jauh;Positif
Belva Kynan;setahun lalu;Pantainya bersih bebas sampah tapi sayangnya akses jalan menuju pantai rusakk dan kurag memadai semapt kesasar wktu pkek google maps kwkwk;Negatif
Firgiawan Achmad;setahun lalu;"Tempatnya bagus
Sayang waktu kesana hujan ga reda2 sampai banjir";Positif
Masternya Martabak;setahun lalu;Cukup seru lokasinya apalagi dibuat santai bersama kelrg besar ... MantaBBBak;Netral
JAGRA Channel;setahun lalu;Pantai bersih dari sampah, sepanjang jalur menuju pantai kita di suguhkan pemandangan pohon bonsai cemara udang. Pemandangan pantai pulau jawa sangat bagus, ombak tidak besar, jadi aman untuk bermain.;Positif
Roby Arianes;setahun lalu;Ombak landai,, cocok untuk wisata;Netral
andria wijayanto;setahun lalu;Bagus, cuma kurang terawat;Positif
Oki k;setahun lalu;Pernah kesana dulu 2014,, pengin kesana lagi,;Netral
Yustinus Saputra;setahun lalu;Pasir putih, panjang, cuma ada saluran air ke pantai n tdk bersih. Kurang perawatan... pdhal kena tiket masuk yg lumayan. Tapi pembangunan fasilitas umumnya kurang baik....;Netral
marchiano anselmus;setahun lalu;"Lokasinya jorok dan kotor.
Karena ada beberapa ekor kuda yang untuk foto foto pengunjung";Negatif
Fathor Rozi;setahun lalu;Pantai nya bersih..namun sayang kurang perawatan.. gazebo nya bocor dan banyak genteng lepas;Netral
MUNASA MUNASA;setahun lalu;Garis pantai luas dan panjang,  ombak tenang, banyak pohon cemara;Netral
Mohammad Zulkarnain;setahun lalu;Pantai terpanjang dengan pasir putih di sumenep madura;Netral
Ana Aja;setahun lalu;Tempatnya bagus wisatanya itu sejuk gitu loh pengunjungnya ramai;Positif
FARIKA LUTHFIANA;setahun lalu;"Pantai nya cukup indah lihat review nya di channel yutub kami ""Positive Vibes Indonesia""";Positif
Don SR Muakkat;setahun lalu;Pantainya bagus, hanya kurang pengelolaannya saja;Positif
iiLaa Laa;setahun lalu;Pantainya bagus tp perjalanannya jauh ?? …;Positif
Yuri Basuki;setahun lalu;Pantai yang sangat indah, sayang banyak sampahnya;Positif
Udin Samsudin;setahun lalu;pemandanga sangat indah mempesona;Positif
El Wajh;setahun lalu;Pantai legendaris di Kabupaten Sumenep;Netral
Farid Wajidi;setahun lalu;Luas dan sejuk sangat menyenangkan.;Netral
rinta kusnia;setahun lalu;Selalu ramai saat libur lebaran;Netral
Galih Aby;setahun lalu;Tempat rekreasi yang sangat cocok;Netral
Abdul Qodir Assya'roni;setahun lalu;Mantab bngt tiada duanya.;Netral
Khatib Syarbaini Husni;setahun lalu;Seruuu;Netral
Prihatin Tri jauhari;setahun lalu;Bagussss bersih;Positif
Notaris&PPAT INAYAH;setahun lalu;Bagus;Positif
Mas Rudof;setahun lalu;Sangat mempesona;Netral
Yuda Kurniawan;setahun lalu;Pantai cantik di Sumenep;Positif
Lampu Fatah;setahun lalu;Alami;Netral
KD. vino;setahun lalu;Lombang top;Netral
Kanan Kiri;setahun lalu;Ya tidak apa-apa, hanya saja kurangnya kesadaran untuk membuang sampah pada tempatnya;Negatif
Hikmah Widiya;setahun lalu;Pantai Lombang sangat indah;Positif
arifiyanto hadinegoro;setahun lalu;pantai terbaik di sumenep madura;Netral
Bara Boge;setahun lalu;Tempat berkemah;Netral
David Wahyuono;setahun lalu;Banyak pengunjung;Netral
Maulana Syarif (Bob.ms);setahun lalu;Kerreennn;Netral
Amer Dexelo;setahun lalu;Bagus;Positif
Anisah Fikri;seminggu lalu;Pantainya cantik bagus bnyk pohon cemara udangnya ?????? …;Positif
Electronical Fullreness;9 bulan lalu;Kalau mau kesini sebaiknya datang di pertengahan tahun, antara April - Juli. Sebab selain matahari terbenam dan terbit lebih condong ke Utara, ombaknya juga paling tenang di pertengahan tahun.;Netral
FYan sajah;9 bulan lalu;Suasana dan kondisi pantai tidak sesuai dengan tiket masuk;Netral
mah rodin;9 bulan lalu;Bisa untuk santai;Netral
Roni Prayibno;9 bulan lalu;Tempat nyaman;Netral
SIR channel;9 bulan lalu;Momen indah;Positif
REANITA PUTRI ARDANA;8 bulan lalu;Pantainya bersih;Netral
ALFIAN DARMAWAN;8 bulan lalu;Sudah sepi tidak seperti dulu, banyak sampah;Negatif
nrlef_;7 bulan lalu;Seru;Netral
Axl Dylan Laksono;7 bulan lalu;Uapikkk;Netral
rozzy rezza;6 bulan lalu;Senang sekali bisa Turing keee sini;Netral
Faishal Aushafy;5 tahun lalu;"Berkunjung ke Pantai Lombang bersama keluarga besar.
Akses tidak terlalu sulit,
Kondisi pantainya sangat bagus, pasir putih, banyak pepohonan, jalan.menuju …";Positif
DJoko WE;5 tahun lalu;Pantai nya lumayan bagus,  pasir putih. Banyak pohon cemara.  Fasilitas antara lain toilet,  mushala,  tempat kuliner, gasibo untuk duduk2. Dari Kota Sumenep menuju lokasi lumayan jauh,  sekitar 1 jam perjalanan darat.;Positif
Tantowi Ahmad;5 tahun lalu;pantai berpasir putih yang asri, sejuk rindang hutan cemara udang. bagi pengunjung yang ingin jalan jalan sepanjang pantai dengan berkuda disediakan fasilitasnya. tersedia musholla yang cukup besar, mck, pujasera dan fasilitas lain. harga …;Netral
RIZTU BASITH;5 tahun lalu;Wenak untuk refreshing dg keluarga tercinta d pantai yg Indah;Positif
Avid Anjala;5 tahun lalu;pantai bersih, indah nyaman dengan Ombak yang tenang. cocok untuk mengajak keluarga utamanya anak kecil;Positif
yurike ferdiyanti;5 tahun lalu;"Pantai yang indah dan tidak membosankan tetapi kalau bisa wahana permainan anak"", diperbaiki. Karena banyak ayunan yg udah rusak atau mau patah";Positif
Ronny Hidayat;5 tahun lalu;Pantai dengan garis pantai yg panjang, berair jernih & berpasir kuning;Netral
Dwi Puspita Nurmalinda;5 tahun lalu;Tempatnua keren abizzz...pasirnya putih bersih halus, cemara udangnya banyak, kuliner banyak, parkiran luas, pantainya biru bersih... cantik pokoknya;Positif
Adam Taufan;5 tahun lalu;Pantainya bersih view laut lepasnya oke banget. Tempat parkirnya luas dan tiket masuknya cuma 5000 rupiah saja. Cocok untuk wisata keluarga. Dan jangan lupa kalau kesini bawa kaca mata hitam supaya tidak silau.;Netral
Tri Junaedi Sabri;5 tahun lalu;Pantai lombang ini merupakan pantai yang langka karena di pantai ini di tumbuhi pohon cemara udang yang hanya ada 2 tempat di dunia. Kelemahan pantai ini minimnya fasilitas umum seperti toilet yang bersih. Toilet di pantai ini cuman satu dan itupun ndak bersih. Smoga segera ada fasilitas toilet yang bersih.;Netral
Yudah Oktovia;5 tahun lalu;Cuacanya lumayan panas, tapi banyak pohon yang cukup rimbun untuk berteduh, banyak kotoran kuda yang berserakan di pasir sangat mengganggu, sebenarnya pasirnya sudah bersih.;Negatif
fadel abu aufa;5 tahun lalu;Pantai lombang ada di sisi utara pulau madura, tepatnya di desa lombang kecamatan batang-batang sumenep, suasana sangat mendukung bagi yg ingin liburan, mau naik kuda cukup bayar 10,000, kalo berdua 15.000 tiket masuk wisata. 2.000 perorang cukup murah kan;Positif
stefhanus roberth;5 tahun lalu;"Top abis
Gak rugi jau jau dari malang hanya kesini
Apik poll pokok e banyak pohon cemaranya juga";Netral
Qori Rugaiyah;5 tahun lalu;Tempatnya sangat indah dan bagus untuk refreshing dg keluarga;Positif
Erwin Brewok;5 tahun lalu;Pantai yg d kelilingin pohon Cemara yg bikin rindang sejuk;Netral
PAK CUBIT;5 tahun lalu;Tempat yang eksotis dan cocok untuk rekreasi bersama keluargam. Pasir putih yang luas dan cemara udang yang unik.;Netral
Madura Vacation;5 tahun lalu;Sangat di sayangkan, kiri jalan sebelum masuk ke pantai lombang berdiri tambak entah tambak ikan atau tambak ikan....?;Netral
Denny Christian;5 tahun lalu;Tempat yg cozy bgt;Netral
Bang Olee;5 tahun lalu;Pantainya bersih dan nyaman  banyak cemaranya tapi akses jalannya sedikit rusak pas masuk, hanya sedikit;Netral
yopie franz;5 tahun lalu;Pantai yang cantik,  menjadi pantai yang ramai dikunjungi warga Sumenep dan Madura pada umumnya. …;Positif
Ubaidillah;5 tahun lalu;"Pantai yang asyik vuat bawa keluarga... saya sukanya dateng sore pkl 3an sambil nunggu sunset..
Harga Makannya juga ramah banget di kantong... …";Netral
Eko Wahyudi;5 tahun lalu;Keren banget pantainya....;Positif
JOWO ReomiT;5 tahun lalu;"Keren bingit, recommended untuk jlan"", bule juga kesana lo";Positif
Oki Taruna Dewangga;5 tahun lalu;Pantai dengan pasir putih yg panjang banget banyak tempat berteduh dibawah pohon cemara top markotop;Netral
Khairul Anwar;5 tahun lalu;Tempat duduknya banyak dan bagus, pantainya juga bersih.  Disini juga ada kuda bagi yang hobi berkuda.;Positif
Hari Yanto;5 tahun lalu;Menikmati indahnya pantai dan pohon cemara udangnya;Positif
Alfira Dian Evitarinda;5 tahun lalu;Pemandangan pantai nya bagus... Bersih... Pokonya happy bngt dsna;Positif
Erik El Bahri;5 tahun lalu;Seru Banget di festival ketupat di pantai lombeng;Netral
Fha Aroohy;5 tahun lalu;Pantai lombang juga menyediakan kuda yg bisa kita tunggangi sepanjang pantai ini;Netral
Thino Bagus;5 tahun lalu;Masih sepi..warna pasir juga unik...cocok utk pecinta ketenangan..sayang tidak ada penginapan d sekitar sini..;Netral
Dewi Murdayanti Puspitaningsih;5 tahun lalu;Sangat cantik, minus air tidak bening/biru lagi, banyak pohon cemara jadi tidak panas, pendopo juga banyak, makan dan minuman disana sangat murah, worth it;Positif
surya patria;5 tahun lalu;Pantainya masih alami;Netral
Fr Junior;5 tahun lalu;"Pantai lombang adalah pantai pasir putih yang di hiasi dengan pohon cemara udang yang indah dan elok
#visitsumenep
#wonderful indonesia";Positif
totok irfandi;5 tahun lalu;pantai ujung timur madura berpagar cemara udang;Netral
masyrifatul jannah;5 tahun lalu;Pantainya masih bagus, sarana dan prasarana perlu dilengkapi;Positif
Salmiyatun Yusma;5 tahun lalu;Wisata pantai yang sangat menyenangkan,,  selain keindahan yang dikelilingi cemara udangnya pas banget untuk liburan bareng keluarga;Positif
Krisdiyanso Cahyono;5 tahun lalu;Luar Biasa, refresing bersama keluarga;Netral
Ipung Febianto;5 tahun lalu;Tempatnya Bagus....jalannya juga lumayan baik;Positif
mahdus abrori;5 tahun lalu;Perlu kesadaran Masyarakat atas kebersihan objek wisata ini;Netral
Wigananda Firdaus;5 tahun lalu;tetap eksotis seperti dulu... salah satu aset yg harus di jaga;Netral
Bastian Andi;5 tahun lalu;Bagus lokasinya cocok untuk wisata keluarga;Positif
Asrory Firdaus;5 tahun lalu;Sangat bagus alami sejuk dan menghibur;Positif
rerey shop;5 tahun lalu;Mahalllll tk spt dulu pdhl ya gk bnyak yg direnov;Negatif
Arif Syahrul;5 tahun lalu;Pantai yang sangat indah dan masih bersih;Positif
BO-RIZ JUNIOR;5 tahun lalu;"Pantai yang indah n asri..kalo mau renang awas banyak ubur""";Positif
Mulyo Manggih Widodo;5 tahun lalu;Salah satu pantai terindah di indonesia;Positif
zainul 85;5 tahun lalu;Good sea Berpagar Pohon Cemara;Netral
Bakteri Cakep;5 tahun lalu;Pantainya luas, enak buat eksplor. Hutan pinus buatannya juga asik.;Netral
Laode Watogo;5 tahun lalu;Di Pantai Wisata Lombang Nyaman;Netral
Sasuibi 19;5 tahun lalu;Tempatnya nyaman banget buat nyantai, pasirnya yg indah dan lautnya yg biru sgt memuaskan kita;Positif
Ilham Ade Pratama;5 tahun lalu;Di sana itu cukup baik dan lumayan bagus pantainya dan tidak lupa pula di pantai tersebut dikelilingi pohon cemara yang cukup indah dan menarik untuk setiap pengunjung yg datang;Positif
Bang Dedy;5 tahun lalu;"Tempatnya bagus.
Cuma kekurangannya ialah:
Jalan menuju lokasi rusak parah, dan sempit";Positif
Taufik Hakiki;5 tahun lalu;Indah dan nyaman. Pantainya dan pasirnya bersih. Pemandangannya indah dengan banyaknya cemara udang disana. Great place for your holiday;Positif
Farhan Surury;5 tahun lalu;Pantai yang indah dan asyik sebagai tempat berlibur bersama keluarga, akan lebih keren jika kualitas pengelolaannya lebih ditingkatkan..;Positif
Abbu 1234;5 tahun lalu;sangat mengasikkan;Netral
Rudy Jaelani;5 tahun lalu;Pantai bersih dan bagus.. Pohon cemara bagus membuat suasana pantai jd nyaman dan dingin.. Air kelapa mudanya enak;Positif
muhammad amin A;5 tahun lalu;Salah satu pantai yang terawat di daerah maduran,  dengan berbagai wahana anak kecil serta disertai spot foto yang kece mengikuti perkembangan zaman  , dengan udara pantai yang sejuk,  cocok untuk melepas penat stress dari kota;Netral
yulianis budi;5 tahun lalu;Tempat wisata lombang ini mang ok bangett yaa...suasanax bikin rilex aja...buat acara kopdar atau buat selfi2 sungguh keren bangett...cma sayangny tempat untuk nyantai atau tempat istirahat mash kurang...;Positif
BENGKEL KOPI chanel;5 tahun lalu;Tempat wisata pantai cocok buat keluarga..terkenal dengan cemara udangnya;Netral
Silvia Indriana;5 tahun lalu;"Pasirnya haluuss banget...laut dan langit seperti Deket gituu...
Tapi kemarin itu rame banget...motor dan mobil bisa masuk area pantai...ini mengganggu sekali...";Netral
Siti Jumiati;5 tahun lalu;pantainya bagus banget apalagi ada pohon cemara menambah pemandangannya tambah indah;Positif
Mas Budi;5 tahun lalu;Sangat bagus untuk rekreasi,silahkan yg blum belum berkunjung bagus loh tempatnya;Positif
Basid Asifa;5 tahun lalu;Tempat alami, adem murah, pasir putih, cuma jalan  menuju kepantai masih sempit;Positif
Dwicky Kurniawan Imron Rosyadi;5 tahun lalu;Tempatnya bagus, enak buat main air karena ombaknya ga terlalu gede;Positif
Ibnu Fajar Muhammad;5 tahun lalu;Banyak penjual rujak °an murah. Pantai bersih.. jangan lupa bawa tikar, agar bisa duduk menikmati pemandangan bersama keluarga;Positif
dian ermayanti;5 tahun lalu;Pantainya bagus klo pas ga musim angin, datanglah sekitar bulan maret;Positif
AR PROJECT;5 tahun lalu;Good buat ngecamp;Netral
Uzy Fauzy;5 tahun lalu;Ya karena tempatnya sangat eksotis d tambah dengan hutan cemaranya yg begitu rindang nan sejuk membuat pantai ini memang sangat cocok untuk tempat refeshing n holiday...;Netral
Lucky Emilio;5 tahun lalu;"Tempat favorite pas lebaran..
Tapi sayang pihak pengelola hanya mementingkan hasil saja jadi gak keurus pantainya";Netral
Leo Dolok;5 tahun lalu;Pantai nya bagus, perlu dikelola secara profesional biar jadi bagus dan bersih;Positif
Yusuf Kurniawan;5 tahun lalu;"PLUS :
- Tempat wisata terdekat dari pusat kota Sumenep
- Tiket yang sangat terjangkau …";Netral
Dsrism -;5 tahun lalu;"Pantai nya bagus, masih bersih & sejuk
Untuk saat ini fasilitas kurang memadai, seperti musholla. Yang kurang terawat dan tempat wudhu jauh dari musholla …";Positif
Samsu Bakoel;5 tahun lalu;"Pantai landai yang menyenangkan.... panjanggggg.... banget pantainya... cemara udangnya... keren abis dah.... ombaknya lagi.... cukup seru....
Kalo buat kejernihan airnya.... yaaa... kurang.... (padahal... beberapa taun …";Positif
Yudi Siswanto;5 tahun lalu;Sangat bagus, cuma perlu perbaikan prasarana pendukung seperti MCK yang masih kurang terawat, ada yang rusak dan kotor;Positif
swastikha maulidya mulyana;5 tahun lalu;Pasirnya putih, banyak cemara udang ada kuda juga di sini;Netral
melda wulandari;5 tahun lalu;"Pantainya bagus bnget.

Cek my ig @_meddar";Positif
Ismail Usman;5 tahun lalu;Salah satu pantai terbaik di Dunia, dengan hamparan pohon cemara, pasir yang halus dan air pantai yang jernih. Saya sudah tak terhitung berapa kali ke tempat ini, tapi saya tidak pernah bosan dan selalu ngangenin. Best lah untuk pantai lombang.;Netral
Cristananda Ratnady;5 tahun lalu;Pantai nya bagus. Pasirnya putih dan sangat halus. Dipantai tersebut bisa menyewa Kuda untuk berkeliling pantai. View laut lepas nya juga keren.;Positif
Christine Eko Prasetyo;5 tahun lalu;Pantai yg indah..nyaman..bersih...ombak yg tdk besar;Positif
Tuan Kuda;5 tahun lalu;Suka banget sama garis pantai yg panjang. Pasir putih dan ombak yang tenang;Netral
sinwan sinwan;5 tahun lalu;Wisata pantai di sumenep madura....masih alami.....tidak banyak mendapatkan sentuhan innovasi....potensi pohon cemara udang yg merupakan tanaman endemik perlu di kelola lebih baik lagi;Netral
Wahyu SU;5 tahun lalu;Pantai dengan teteduhan pohon cemara. Jenis pasirnya coklat. Makanan dan minuman beragam dan murah. Bisa naik perahu atau kuda. Semoga sarana pendukung smkn dilengkapi;Positif
Budie chanel;5 tahun lalu;Tempat nya indah & bagus buat liburan;Positif
heru subiyantoro;5 tahun lalu;Lumayan bersih daripada pantai camplong. Fasilitas gazebo cukup banyak. Ombak Dan  Pasirnya bagus. Pedagang sebaiknya ditata lebih bail lagi begitu juga dengan kebersihannya.;Positif
Yunita Nurma;5 tahun lalu;Pantainya bagus nggak kalah sama pantai-pantai yang lain;Positif
Lisa Agustina;5 tahun lalu;Masuk per orang cmn 2 rb, pantai luasss bgt, ombaknya sedang2 saja, bisa sewa kuda 15rb sekali jalan, parkir luas, bnyk yg jualan,bnayak gazebo2 jd cocok buat rombongan atau pribadi...;Netral
sjahrul mutaqin;5 tahun lalu;Pantai jozzz luar banget pasirnya itu lho........ bikin penasaran;Netral
Rahman Amin;5 tahun lalu;Pantai pasir putih yang indah dan cocok buat liburan;Positif
yusfranto halim;5 tahun lalu;pantai bagus, kebersihan terjaga hanya fasilitas kebersihan bisa di perbanyak & di perbarui...;Positif
Rizka Fitriyani;5 tahun lalu;Bagus tempatnya, bersih lokasinya.. Hanya cukup terganggu dengan bau pesing yg sepertinya berasal dari kencing kuda yg disewakan..;Positif
Puan Anyelir;5 tahun lalu;Pantainya bagus waktu liat di gambar bagus pas kesana tambah bagus tapi masih ada sampah;Positif
Novi Febriyanti;5 tahun lalu;Bersih, tenang tapi jauh;Netral
Khairul Anwar;5 tahun lalu;Tempat bersih dan enak untuk berkumpul bersama keluarga;Netral
Lina Yun;5 tahun lalu;pantainya bagus truss pasirnya juga putih cocok untuk dijadikan tempat santai sama keluarga;Positif
Dhila Nur;5 tahun lalu;Pasir putih;Netral
Tri Raharjo;5 tahun lalu;Rindang, banyak pohon cemara udang;Netral
Arya Pratama;5 tahun lalu;Tempatnya alami ...makanannya masih murah ...sayang tidak terurus dengan baik;Positif
Ahmad Nafii;5 tahun lalu;pantai dengan pasir yang sangat halus landai juga... ombakya gede airnya sedikit keruh karana bercampur pasir yang halus;Netral
Ivan Daha;5 tahun lalu;Pantainya bersih dan nyaman untuk bersantai.;Netral
Rohmat Hajji;5 tahun lalu;Bagus, bersih, rindang. Sayang ada galian tambak di sekitar lokasi wisata;Positif
tieta channel;5 tahun lalu;Pemandangan indah,  berpagar pohon cemara pasir putih halus &  lembut,  coxok buat parawisata;Positif
A Gabriel ????????;5 tahun lalu;Wisata Pantai Lombang berpagar pohon cemara dg gunung pasir putih, Sejuk Alamai dan Asri, suasana kedamaian.;Netral
Abdrachman Rachman;5 tahun lalu;Pantai bagus suasana sejuk dan bs kuliner lagi;Positif
SaN_Rapsberry TM;5 tahun lalu;Subhanallah indah banget ! tapi tolong wisatawan untuk membuang sampah pada tempatnya !;Positif
FrankyKR SIP;5 tahun lalu;Pantainya asyik untuk piknik bersama keluarga dan komunitas;Netral
Manan Syah;5 tahun lalu;Lombang now asyik, penataan pkl dan area pengunjung dibedakan. Pokoknye asyik deh.;Netral
corat coret;5 tahun lalu;Pantai lombang selain pemandangan nya yang indah juga pengunjung yang sangat banyak seperti lautan manusia;Positif
syamila thoriq;5 tahun lalu;Indah luar biasa. Tapi kadang tempatnya kurang bersih:(;Positif
Andi Reza Darmawan;5 tahun lalu;tiket masuk mahal :v, sekitar 18k, msih blm parkir, tpi keren pntainya;Positif
Yudda Rahardian;5 tahun lalu;Aksesnya mungkin bs d perbaikin, fasilitas untuk kamar mandi dll jg.;Netral
Tesa Vaniar;5 tahun lalu;Pantainya sih bagus,  tapi kotor dengan sampah,  dan fasilitas kurang;Positif
nurhafiz fandy;5 tahun lalu;berkuda dipantai lombang;Netral
Totok Sumanto;5 tahun lalu;Wahana wisata alam yang sejuk dan menyenangkan;Netral
zaen mth;5 tahun lalu;Uhhhh keren pantainya;Positif
budi sulistiono;5 tahun lalu;Pantai bersih impian....wisata keluarga...;Netral
Faizal Nayla;5 tahun lalu;pantai bersih... kurang di kamar mandi & toilet kurang terawat;Netral
Wicaksono Praptoadi;5 tahun lalu;"Pantai yang bagus sekali, pasirnya coklat muda dan bersih. Ombak yang tidak besar memberikan kesempatan untuk bisa bermain dengan air.
Pinggiran pantai tumbuh subur Pohon Cemara, membuat suasana semakin …";Positif
Susanti N.S;5 tahun lalu;"Saya kesini skitar 8 tahun yang lalu
Perjalanan naik motor dari surwbaya ke sumenep lqngwung kurwng lebih dirempuh sekitar 6-7 jam. …";Netral
PONPES SALAF DARUL ULUM BANGIL;5 tahun lalu;Bersih tempatnya. Ada kuda di pantai serasa di padang pasir. Hahhaha;Netral
eko sambudhi;5 tahun lalu;Hamparan pantai yg luassss. Bagus untuk keluarga;Positif
Park Jungwon;5 tahun lalu;Pantainya sangat bersih, tidak ada sampah berserakan sama sekali;Positif
arum pandanwangi;5 tahun lalu;Bisa lihat kapal kampul2 dari sini, ada wisata naik kuda, sepnjang gapura lombang sampek pantai ada bonsai tapi sayangnya masuknya jauh dari jalan raya/gapura pantai lombang;Netral
Miftahol Arifin;5 tahun lalu;wisata keluarga. pas lagi mudik;Netral
uftori wasit;5 tahun lalu;Pantai Bagus dan Bersih dengan hutan cemara;Positif
M. ZAKI AMIN;5 tahun lalu;Pantai yg indah, tenang & tidak terlau ramai;Positif
Rengginang tumapel;5 tahun lalu;pantai bagus hanya kurang permainan untuk anak anak.;Positif
Hanif Nur S;5 tahun lalu;Pantainya lumayan bersih, pasir nya putih, bisa berkuda juga;Netral
A. K. P;5 tahun lalu;Tempat nya bagus;Positif
Afroni Wijaya;5 tahun lalu;Sejuk tempatnya, pokoknya ok banget deh;Netral
Innani Eva Nurjannah;5 tahun lalu;Tempat wisatanya org madura?????????????? …;Netral
Muhamad Halid;5 tahun lalu;Bersih dan tenang...cocok tempat berlibur;Netral
Aries Budiono;5 tahun lalu;Pantai yg sejuk di bawah pohon cemara;Netral
Ismi Salma Fuad;5 tahun lalu;"Pgn ksini lagi....
Bagus tempatx";Positif
Supri Yanto;5 tahun lalu;Masih alami blom ada fasilitas kamar mandi dan hotel;Netral
Thetutorials 95;5 tahun lalu;Wisata keluarga murah dan bagus..;Positif
Siti Aisyah;5 tahun lalu;Pantai lombang semakin asri dan indah;Positif
Yayat Hidayat;5 tahun lalu;Pantainya bersih dan banyak pohon Cemara udangnya;Netral
Chryz Rea_reo;5 tahun lalu;Cemaranya bikin adem suasana...kelapa mudanya rasa mantap;Netral
Ju Gira;5 tahun lalu;Tempat dengan Cemara udang yg rindang dan pasir yg halus;Netral
Nasibah Dhiya'ul Muhsinat;5 tahun lalu;Pasirnya lembut, buat renang jg enak;Netral
Christine Tobela;5 tahun lalu;Pantai yg bersih dan indah;Positif
AZKYASYAM KEHIDUPAN INDAH;5 tahun lalu;Berapa karcis masuk;Netral
Rois putra;5 tahun lalu;Sungguh begitu Indah pemandangannya;Positif
Muzammil Cell;5 tahun lalu;Wisata cocok buat liburan;Netral
Mad Thob;5 tahun lalu;Luamayan gan. Murah terjangkau ada persewaan kuda. Harga sewa kuda sekitar 25000 an.;Positif
Ela zafira;5 tahun lalu;Pemandangannya indah bangetzz;Positif
Bojes Farm;5 tahun lalu;Tempatnya indah dan bersih;Positif
Ris Saiman;5 tahun lalu;Enak kelapa mudanya murah meriah;Positif
Aulia Damayanti syafitri;5 tahun lalu;Wisata Pantai Limbang sanagat indah;Positif
NDRO'S CHANNEL;5 tahun lalu;Sama seperti dulu....tdk ada peningkatan;Netral
Ys Ry;5 tahun lalu;Pantai pasir putih;Netral
PANGKALAN TENGAH;5 tahun lalu;Eksotis! Use a child play with family;Netral
djunaidi 2007;5 tahun lalu;Bagus;Positif
Umarsanusi Ir;5 tahun lalu;Indahnya Luar Biasa;Positif
It's yendra fardiansyah;5 tahun lalu;Nice beach buat liburan bareng keluarga;Netral
Heru Subiyantoro;5 tahun lalu;Lumayan tidak terlalu Kotor..pasir putih;Negatif
Homaidi Hamid;5 tahun lalu;Pasir putih, halus, sejuk dg pohon cemara;Netral
asadafandi3;5 tahun lalu;Tempatnya eksotis;Netral
Alwi Bilfagih;5 tahun lalu;Pantainya agak kotor dan ada kotoran kuda;Negatif
Pithe TV;5 tahun lalu;Bagus, pasir capucino membuatnya lbh bagus lagi ?? …;Positif
Evi Ludiana;5 tahun lalu;Wisata pantai alami;Netral
Dyah Faika;5 tahun lalu;Tempat yg indah.. aplgi ditemenin sama 1 batok degan segar..;Positif
Ichtyar Rizqina;5 tahun lalu;Sejuk dan pasirnya bersih;Netral
Achmad Wadih;5 tahun lalu;Pantai ini sungguh indah dan aziik;Positif
achmad riza firmansyah SE;5 tahun lalu;Keren pantainya lembut pasirnya rindang cemaranya;Positif
novidha satya ningtyas;5 tahun lalu;Tempat wudhu jauh;Netral
Ghanis Rahma Winanto;5 tahun lalu;Tempat yang bagus;Positif
Wita Wachid;5 tahun lalu;Kalau pagi sangat sepi;Netral
Mr. Woweh;5 tahun lalu;Tempat ini benar-benar bagus. Yang kurang bagus promosinya...;Positif
Nurul Hidayat;5 tahun lalu;Bagus, banyak pohon cemaranya;Positif
tukang liburan;5 tahun lalu;Jauh banget tpi puas;Netral
Siti Romlah;5 tahun lalu;Indah dengan hiasan pohon cemara;Positif
Fadloli Fakhrudin;5 tahun lalu;Wuuih apik tenan;Netral
Ebied Sugiantoro;5 tahun lalu;Indah dan mempesona;Positif
nurul azizah;5 tahun lalu;indah sekali;Positif
dwi deshariyanto;5 tahun lalu;Penuh pohon cemara udang;Netral
iriyanto kalianget;5 tahun lalu;Perlu publikasi yg baik;Netral
Umroh 23;5 tahun lalu;?????? …;Netral
Khoirul Anwar;5 tahun lalu;Indah seklai;Positif
nanang fadhori;5 tahun lalu;Penuh cemara udang;Netral
Ayuni Sima;5 tahun lalu;Saat kesini hujan;Netral
yulia anisyah;5 tahun lalu;Bahus tetapi kurang kerawat;Netral
Gembel Traveller;5 tahun lalu;Tiket masuk yang kemahalan;Negatif
Restu Rozalina;5 tahun lalu;Indah dan alami;Positif
Ika Yanti;5 tahun lalu;Good vibe laaah;Netral
Dwi Siswantono;5 tahun lalu;Pantai bagus;Positif
airul hidayat;5 tahun lalu;Kurang tertata fasum musti ditambah;Netral
sugeng prasetyo;5 tahun lalu;bagus, bersih;Positif
IGRA Larangan;5 tahun lalu;Wajib dikunjungi tiap liburan;Netral
Hedy Aprilia;5 tahun lalu;Bagus banget;Positif
Hammada Syarif;5 tahun lalu;Pantai yang berada di timur Madura berada di wilayah Kabupaten Sumenep, tersedia spot foto dengan kuda.;Netral
fahrur rozy;5 tahun lalu;Cocok untuk menghilangkan penat;Netral
Masna Al fatih;5 tahun lalu;Selalu dihati;Netral
Surabaya 1543;5 tahun lalu;Indah yoo...;Positif
Purnomo Dwi Candra;5 tahun lalu;Eksotik banget;Netral
Abd Hamid;5 tahun lalu;Menyenangkan;Netral
Nila Mangantara;5 tahun lalu;Lumayan rame;Netral
Yuzman Febriyanto;5 tahun lalu;Super mantap;Netral
Abid Aboned;5 tahun lalu;Sangat indah;Positif
Faizah Aviv Nugrahini;5 tahun lalu;Cukup indah;Positif
heru widayat;5 tahun lalu;Lingkungannya bersih;Netral
Tonduk Majeng;5 tahun lalu;cemara udang? hhmmmmm;Netral
ainur rachman;5 tahun lalu;Ok banget;Netral
Fakhrur Rofiqi;5 tahun lalu;Tidak ramai;Netral
Ahmad Asror;5 tahun lalu;Yaa bagus;Positif
kharis shodiq;5 tahun lalu;Kapan ya bisa datang lagi?? …;Netral
andre_Bolang pambudi;5 tahun lalu;Sampahnya banyak;Negatif
Jum Adi;5 tahun lalu;Tujuan para wisatawan;Netral
Rare Aqil;5 tahun lalu;Indah buat foto;Positif
mohney maloloh;5 tahun lalu;Mengesankan;Netral
Musyfiq Rozy;5 tahun lalu;Pantai cemara;Netral
Riki Donquixote;5 tahun lalu;Panas tapi bersih;Netral
Ar Win;5 tahun lalu;pasirnya lembut;Netral
Kartika Isfanhari;5 tahun lalu;Lumayan lah...;Netral
Ach. Nur Aqil Wahid;5 tahun lalu;subhanallah;Netral
Dharma Ifan;5 tahun lalu;Bagussss;Positif
Kamalul Qomar;5 tahun lalu;Subhanallah;Netral
Fajar Lasvegas;5 tahun lalu;Waw;Netral
naumi rahmawati;5 tahun lalu;Keren?? …;Positif
Desi Sulfa;5 tahun lalu;Keren;Positif
Budi Edjo;5 tahun lalu;Keren;Positif
hadi widodo;5 tahun lalu;Mantabz;Netral
rowi gindaga;5 tahun lalu;Mantap;Netral
Suaidi Asyikin;5 tahun lalu;Mantab;Netral
Imel Imelda;5 tahun lalu;Indah;Positif
riri iriyanto;5 tahun lalu;Asyik;Netral
Aviv Cah Semprul;5 tahun lalu;Asyik;Netral
Fridinal Deleshef;5 tahun lalu;Cukup;Netral
Mohammad Fawaz Farhan;5 tahun lalu;Bagus;Positif
Lutfi Fathur;5 tahun lalu;Bagus;Positif
TIRTO WIYONO;5 tahun lalu;Bagus;Positif
Ari Fitriyani;5 tahun lalu;Bagussssss;Positif
Fitri Erliyana;5 tahun lalu;Pantainya indah, bersih, mungkin tidak banyak orang yang mengetahuinya.;Positif
Ridha Ashfiyah;5 tahun lalu;"Pantai yang indah..dengan pohon eksotis yang disebut ""cemara udang""";Positif
darrian alisantoso;5 tahun lalu;Tempat yang bagus jika Anda ingin bersenang-senang sendiri dan kerabat.;Positif
Hindu kush;5 tahun lalu;Pantai yang bagus tetapi perlu ditingkatkan pemandangannya agar menjadi alami dan nyaman;Positif
Insan Sharing;5 tahun lalu;Pemandangan bagus dengan pantai berombak sedang... tempat yang bagus untuk piknik bersama keluarga Anda;Positif
Nadia Dhini;5 tahun lalu;Pemandangan yang bagus dan bagus.;Positif
Lestari Oneng;5 tahun lalu;pantai yang indah...?????? …;Positif
hadi purnomo;5 tahun lalu;Bagus untuk liburan Anda;Positif
Nanang Eka Yulianto;5 tahun lalu;menyenangkan dan santai..cocok untuk rekreasi keluarga...;Netral
Sadik Azhar;5 tahun lalu;Selalu menjadi pantai favorit di Madura;Netral
Wendy Adewijaya;5 tahun lalu;Pengalaman Luar Biasa;Netral
Wendy Rayyan;5 tahun lalu;Tempat rekreasi yang sangat murah untuk keluarga. Pantainya, pasirnya luar biasa, ombaknya sangat aman untuk anak-anak. Perlu lebih banyak perbaikan untuk fasilitas, seperti toilet dan kamar mandi.;Positif
Andy R;5 tahun lalu;Pantai yang bagus dengan pohon langka (cemara udang);Positif
Ate Turmudzi;5 tahun lalu;Tempatnya bagus, salah satu destinasi yang bagus kalau ke Madura apalagi bersama keluarga...;Positif
Darlene Keona Timothy;5 tahun lalu;Tempatnya bagus banget buat tanning tapi biasanya kalo ke sana bakalan hujan haha????ada kuda juga dan mereka jual makanan …;Positif
Nur Syamsi Innayah;5 tahun lalu;Kalau pagi/siang siang panas sekali ?? …;Netral
Ibna Asnawi;5 tahun lalu;"Pantai paling sempurna di Sumenep.
Pasir terbaik yang pernah ada!";Netral
lut fi;5 tahun lalu;Tempat yang bagus untuk melarikan diri dari aktivitas sehari-hari;Positif
Benita Kumala;5 tahun lalu;Agak jauh dari kota, tapi tidak apa-apa untuk pengalaman menunggang kuda;Netral
Fera Dhamayanti;5 tahun lalu;"(+) Disekitar pantai banyak terdapat pepohonan sehingga keadaan disini tidak terlalu panas
(+) Jika kita terlalu lelah untuk berjalan-jalan di sekitar pantai kita bisa …";Netral
Yulianto APC;5 tahun lalu;Tempat yang bagus, bersih dan indah;Positif
Eni Sulastri;5 tahun lalu;Pantai yang bagus dan bersih;Positif
Ryandra Diotama;5 tahun lalu;Jika Anda ingin dewasa, datang ke sini;Netral
Risky Dwi Cahyadhika;5 tahun lalu;Bagus;Positif
TaeKwonDo Kidz;5 tahun lalu;Pasirnya bagus..ombaknya...Angin...;Positif
Dwi Angga;5 tahun lalu;Bersenang-senang untuk Liburan Keluarga;Netral
andrian andrian;5 tahun lalu;Bagus untuk waktu keluarga...;Positif
Afwan Syairozi;5 tahun lalu;Pantai sejuk yang tenang, to;Netral
f lely;5 tahun lalu;Ketika Anda mengalami stres, Anda harus berada di sini;Netral
Dwi Angga Raharja;5 tahun lalu;Cocok untuk Liburan Keluarga;Netral
Heri Yanto;5 tahun lalu;Mantaap......????? …;Netral
Abdul faidh Zinnun al mishri;5 tahun lalu;Tempat yang luar biasa;Netral
Tris Djati Wahono;5 tahun lalu;Menyesap;Netral
Lukman Arif;5 tahun lalu;Bagua;Netral
Meylins rolanda;5 tahun lalu;Tempat yang bagus :);Positif
Ryan dianx;5 tahun lalu;Momen;Netral
Uyil Channel;5 tahun lalu;Lombang Baech;Netral
TIGa whaat;5 tahun lalu;Cantik;Positif
fakhriyah kiki;5 tahun lalu;Pantai biasa;Netral
Amrina Rosyada;5 tahun lalu;Ups..;Netral
Zastava;5 tahun lalu;Tujuan selanjutnya;Netral
Rismal Alda;5 tahun lalu;Tempat yang bagus;Positif
sayno sudharmono;5 tahun lalu;Kereeeeennnn;Netral
cleo prihandaru;5 tahun lalu;Hanya lewat;Netral
edho leito;5 tahun lalu;Bagus...;Positif
Fito Alhasan Channel;5 tahun lalu;Bagus ?? …;Positif
Mahrus Riyan;5 tahun lalu;Siiiiiip;Netral
bama hidayanto;5 tahun lalu;Eksotik;Netral
Chanif fruliadi;5 tahun lalu;Bagus;Positif
Studio7 Official;5 tahun lalu;Besar;Netral
yunita dewi;5 tahun lalu;Bagus;Positif
Dimas aji bagus prayoga;5 tahun lalu;Direkomendasikan;Netral
Ozy Azura;5 tahun lalu;Ritsleting;Netral
Suganda Ganda;5 bulan lalu;Klapa ijo mantap murah ramah parkir bisa dirapikan lagi masih banyak Tunggul pohon...adem bersih.;Positif
Rifa N;5 bulan lalu;Tempat bagus untuk foto, ada kuda & makanan d pinggir pantai.;Positif
M. Ibnu Alwan;5 bulan lalu;Pantai yang indah disertai dengan pohon Cemara yang rimbun;Positif
Yuyun Susanti;5 bulan lalu;Pasirnya putih banget dan lembutttt;Netral
Junaidi Rekas;5 bulan lalu;Lombang beac lebih maju;Netral
Shufri Gaming;5 bulan lalu;Mantap;Netral
Aulia Hanif;4 tahun lalu;"Pantai diujung timur pulau madura ini ditumbuhin dengan ribuan cemara laut yang sangat indah.
Hamparan pasir putih yang lembut menjadikan pantai ini layak dijadikan destinasi …";Positif
Kurniawan Widiyanto;4 tahun lalu;pantai dg ombak yang bersahabat, cocok untuk anak kecil dan hutan cemara udangnya lestari baget dijamin gk kepanasan deh;Netral
Sugi Arto;4 tahun lalu;Pantai Lombang cukup terkenal sebagai salah satu destinasi wisata di Pulau Madura. Hamparan pasir pantainya luas dan lumayan bersih. Banyak pohon cemara di sekeliling pantai. …;Netral
Syarif Maulana;4 tahun lalu;Pantainya bagus dan ombak kecil sehingga cocok buat main anak kecil tapi fasilitas penunjangnya kurang terawat seperti jalan rusak, kamar mandi tidak terawat dan musholla tempat wushu airnya mati.;Positif
nino H P;4 tahun lalu;"Woooww....

Seperti pantai kuta bali, tp ombaknya kecil tdk bisa buat surfing. …";Netral
Aktor Pernadi;4 tahun lalu;"Pantai nya bersih dan bagus untuk di kunjungi para wisatawan dan banyak pulau di dekat pantai ini ...
Silahkan berlibur di pantai lembang..";Positif
Dio Alief Pranata;4 tahun lalu;Bagus sih pantainya. cuma sayang jalan menuju lokasi banyak yang rusak, banyak sampah juga berserakan, kayak kurang terawat gitu. semoga ke depannya pihak yang mengelola bisa memperbaikinya, bisa jadi salah 1 opsi tempat wisata di Sumenep.;Positif
Ari Otna19;4 tahun lalu;"Tempat yang sangat nyaman untuk tadabur alam.
Pantainya yang luas dan pasirnya putih dan halus";Netral
Muhamad_Zaen;4 tahun lalu;wisata pantai yang menyajikan area bermain ramah anak dan pesisir teduh dengan pohon cemara dan pengalaman berkuda;Netral
Desy Ariyani;4 tahun lalu;Jalan menuju tempat wisata bagus mulus, bisa di lalui dg lancar. Pantainya juga terawat, bersih. Kalo mw main pasir buat anak2 juga cocok. Harga tiket masuk pas weekend 1org kena 10rb. Wc nya juga bersih. Pantainya Cocok buat piknik, soalnya banyak pohon pinusnya jd adem.;Positif
zeel Rilack;4 tahun lalu;Salah satu pantai yg sangat indah yg ada di Sumenep Madura  dan kalian bisa naik kuda dipantau ini dg bayar 10 ribu karcisnya juga lumayan murah 10 ribu;Positif
Rizal;4 tahun lalu;Salah satu pantai yang dengan hamparan pasir  yang luas dan asri;Netral
Afil banana;4 tahun lalu;"Sangat menarik dan bagus buat ngambil foto
Dan juga sunside nya begitu indah";Positif
Gatra Azishia Akbar;4 tahun lalu;Bagus,  sangat tentram dan damai disini.. Penduduknya juga ramah dan murah disini;Positif
Maya Dika Saksita;4 tahun lalu;Pantai lombang terletak di Sumenep, pulau Madura paling timur.. udah dua kali ke pantai lombang, dan selalu memuaskan.. di kelilingi pohon cemara dan pasir putihnya yang lembut.. paling suka sama spot foto di antara pohon cemara.. kita bisa …;Netral
Supriyono;4 tahun lalu;Pantainya bersih, cocok buat santai bisa naik kuda lewat tepi pantai....;Netral
Faradilla Pranadhita;4 tahun lalu;Bersih, tempat untuk makannya juga nyaman, mungkin akses masuknya yg kudu diperbaiki jalannya;Netral
Catur Hadi Y;4 tahun lalu;LUAR BIASAA KEREEENNNN!!! Pasir putihnya lembut bangeettt..  Pemandangan sungguh menyejukkan mata ?????? …;Netral
Anjar Samudra;4 tahun lalu;Bagus, cuman beberapa masih di perbaiki.. semoga cepat selesai ?? …;Positif
Endrem Ferdiment (Wakik);4 tahun lalu;Pantainya bersih dan sangat puas;Netral
Joni “Bopeng” Hendri;4 tahun lalu;Surga tersembunyi di Pulau Madura, dengan pasir putih nya yg terbaik, sayang petugas disana terlalu banyak mengambil keuntungan;Netral
Marinenia Fayadzhin;4 tahun lalu;Lumayan tuk ngilangin kangen ma pantai ?? …;Netral
Hendra Rusmana;4 tahun lalu;"Pantai Lokasinya di ujung timur Pulang Madura, tepatnya di kabpaten Sumenep. Dari kota Sumenep sekitar 20km ke arah Timur Daya.
Pantainya sangat Indah dengan hamparan pasir putihnya yang merupakan …";Positif
Zulfikar Basmoera;4 tahun lalu;Pantai yang indah, tempat rekreasi bagi warga kota Sumenep dan sekitarnya. Pantainya cukup bersih, bisa dijelajahi naik kuda, banyak pohon cemara udang. Ada dijual bonsai cemara udang yang indah untuk dibawa pulang.;Positif
namira katerina;4 tahun lalu;LUAR BIASA . Pantainya bagus + bersih . harga makanan+minuman murah .;Positif
Achmad Rudiono;4 tahun lalu;Tiket sangat terjangkau,akses jalan sdah hotmix.....mantap;Netral
Fajar Merah;4 tahun lalu;Bersih pasir putihnya.Salah satu pantai yang patut dikunjungi,terlebih jika disediakan fasilitas pendukung yang lebih mumpuni.;Netral
Yusron Nawawi;4 tahun lalu;Salah satu destinasi wisata pantai di Kab. Sumenep. Hanya butuh 30 menit saja dari kota sumenep. Pantai ini spesial karena pepohonan cemara yang tumbuh sepanjang garis pantai.;Netral
mama yuni;4 tahun lalu;Pantainya bagus.;Positif
Adink Barelank;4 tahun lalu;Bagus loh pantainya;Positif
Ummul Khair Ahmaya;4 tahun lalu;Pasirnya yang putih dan halus serta pohon cemara udang yang rindang membuat Pantai Lombang menjadi tempat yang pas untuk berlibur sambil belajar.;Netral
tonny hansen;4 tahun lalu;salah satu destinasi wisata pantai di pulau madura yang ditumbuhi tanaman cemara udang;Netral
SN Halimah;4 tahun lalu;Wao, jangan ngaku anak milenial kalo belum singgah ditempat ini. Keren abiz, kece, trendy, spot ftonya.banyak, murni alam, bersih, karna menariknya tempat ini so banyak wisatawan yang mampir disini, ada banyak menu makanan pedagang kaki lima, cuma jaraknya saja yang jauh kalo dihitung saya dari surabaya.;Positif
Shadrissaid;4 tahun lalu;Pantai yg begitu exotic.... Dan ombaknya yg begitu bershbt dengan semua anggota keluarga kita.....;Netral
Silvana Fauzza (Echa);4 tahun lalu;Tempatnya nyaman. Enak buat ngumpul sama kluarga. Betah rasanya lama lama disini.;Netral
Arif Wirawan Ramadhan;4 tahun lalu;"Sementara lumayan, yg buat kurang adalah toiletnya, yg portable kotor kurang terawat, yg toilet lama sudah tidak bagus.
Semoga pembangunan renovasi& penambahan toilet permanent cepat selesai& bagus";Positif
Sofie Najakha;4 tahun lalu;Pantai yg luas dg pasir putih dan d lengkapi dg kuda , hanya saja waktu k sana pas barengan ada acara semacam tradisi budaya sana, jadi.nya ruame dan gag bisa menikmati pantainya;Netral
Asyari Iza A.I;4 tahun lalu;Pantainya bersih dg pasir putihnya serta Pemandangannya indah dg dipagari Cemara Udang yg teduh dan mempesona;Positif
Jajak Sekitar;4 tahun lalu;"Asyiknya Berbuka di Pesisir Pantai

Bagi yang sumpek menanti waktu buka di rumah, kalau rumahnya berada tidak jauh …";Netral
Munasa Guragam;4 tahun lalu;Kalau mudik pulang kampung pasti sempatikan ke sini;Netral
MUHAMMAD ZULKARNAIN;4 tahun lalu;"Fasilitas dipantai ini cukup lumayan  spt toilet, warung, musolla
Dan jgn lupa unk mencoba berkuda spnjang pinggiran pantai....";Netral
Ali Ya'lu;4 tahun lalu;Pantai dg pasir yg luas dan di pagari pohon cemara udang yg luas;Netral
Santos Santai;4 tahun lalu;Tempat yg indah, teduh, fasilitas lengkap. Recommended;Positif
JagClue KidsModel;4 tahun lalu;Pantai Lombang pantai khas Madura, banyak orang datang kesini khususnya saat libur lebaran, terdapat jajanan bakso, rujak, pentol atau jenis mie mie;Netral
Fikry Haws;4 tahun lalu;Pantai yg keren diujung pulau Madura dengan pasir putih yg sangat bersih dan air jernih;Positif
GaNdEN;4 tahun lalu;Akses mudah... tempat yg cocok buat pecinta pohon cemara?? …;Netral
Hardhiyanto Eko Saputro;4 tahun lalu;Great, tapi klo bisa kebersihan lebih dijaga;Netral
Irsan Maulana Vlog;4 tahun lalu;Saya pertama kali ngetrip ke sanah,  pertama saya sampe dan membuka hlem saya, saya langsung terbengong dengan melihat keindahan pantai dan pasir putih nya yg lembut, tempatnya bersih, dan ada hiburan a juga,  menaiki kudu dengan tarif yg relatif murah.;Positif
mhiemie umi;4 tahun lalu;Ok...destinasi yg bagus ?? …;Positif
gatot suprayitno;4 tahun lalu;Tempatnya asyik;Netral
MADURESE;4 tahun lalu;Tempat yang penuh dengan pohon cemara has yang ada di pantai lombang, beritanya pohon cemara ini tidak bisa tumbuh di tempat lain jika tidak diambil dengan tanahnya;Netral
Rimbaraya 3D;4 tahun lalu;Wisata pantai yang natural...;Netral
Lutfia Ermayani;4 tahun lalu;Suka banget sama pemandangannya apa lagi ada pohon cemaranya dan ada penyewaan kuda juga ???????? …;Netral
singgih andi;4 tahun lalu;Ttp yg terbaik pasirnya...cm penataannya saja yg kurang...sayang sebenernya, potensi wisata yg terbengkalai walau sdh ada perbaikan dikit;Netral
AN dhana;4 tahun lalu;Keindahan yang tiada bisa di beli?? …;Positif
Dwi Utomo;4 tahun lalu;Bagus tempat nyantai;Positif
mey lee;4 tahun lalu;Lumayan bagus dan bersih..;Positif
Hadistria M;4 tahun lalu;Bagus banget tp jauh dari surabaya;Positif
ahmad fajrin;4 tahun lalu;Bagus banget;Positif
Muhaimin Omienk;4 tahun lalu;Tempat wisata pantai yg sejuk serta rindang karena penuh dengan cemara.......;Netral
Yanti Rizqi;4 tahun lalu;Menarik untuk dikunjungi, sejuk. Cocok untuk berlibur dg teman dan keluarga, mudah mencari makanan,  fasilitas cukup lengkap,  warung, jasa foto dan naik kuda;Netral
RSCM MDR;4 tahun lalu;Anda yang belum ke pantai ini pasti penasaran akan keindahannya. Yang sudah pernah ke pantai lombang ini tentu ingin balik lagi ingin menikmatinya, apalagi yang punya kenangan indah.. …;Positif
Amiruddin Alatas;4 tahun lalu;Pantainya masih alami enak dibuat liburan keluarga yang paling asyik disana ada kuda yang dijadikan tumpangan diatas pasir putihnya. Pohon cemara yang bikin suasana pinggir pantai sejuk menjadi kelebihan tersendiri di pantai lombang;Netral
Anak Sambarata;4 tahun lalu;Pantai y bagus.. pas lah buat berwisata bareng keluarga.. tapi sayang banyak roda dua yg lalu lalang di bibir pantai y..;Positif
eem irma;4 tahun lalu;Pantai paling bagus se kota sumemep.. Banyak cemaraa... Apalagi warung rujak langganan mantap sama es degannya..;Positif
M Afandi Eka Putra;4 tahun lalu;Sangat direkomendasikan untuk dikunjungi;Netral
nujum1 1985;4 tahun lalu;Enak untuk anak-anak;Netral
Dhenbagus Bagus;4 tahun lalu;rugi klo blom pernah menikmati lombang beach...indah banget pantainya;Positif
MOH maskur;4 tahun lalu;es kelapa luar biasa;Netral
Shela Putri;4 tahun lalu;Asli bgus bget!!!;Netral
waseela_ 55;4 tahun lalu;Pantai nya indah pasirnya juga putih,kalian juga bisa menikmati naik kuda sembari mengelilingi pantai,karcis masuknya 10 ribu dan bayar parkir sepeda motor 5000;Positif
Syazna Maulida;4 tahun lalu;Tempat ini sangat bagus;Positif
sal_sabilaans;4 tahun lalu;"Pantai lombang itu tempat yg sangat bagus yaa selain dari tempatnya sangat cantik
Menarik dengan dikelilingi pohon cemara dan pasir putihnya  yg mungkin gak bakalan ada di tempat yang lain, nyenengin, ngangenin dan pokoknya hanya tiga kata T O P";Positif
Draf Darul Ma'rifat;4 tahun lalu;Saat saya ke pantai Lombang sejuk banget. Pemandangannyapun sangat bagus. Apalagi kalau lewat di bawahnya pohon cemara Good banget deh. Juga bisa menaiki kuda yg sudah tersedia  di sana;Positif
Bang Tora;4 tahun lalu;Pantai Lombang berlokasi di Desa Lombang, Kec. Batang Batang, Kab. Sumenep, Jawa Timur. Jarak tempuhnya dari pusat kota Sumenep sekitar 30 km. Pantai ini memiliki pasir putih kekuningan sepanjang 12 km di sepanjang pantai. Keunikan pantai …;Netral
Vier Rahayu;4 tahun lalu;Pasirnya bersih... lumayan panas tapi tertolong karena banyak pohon2 cemara udang yg rindang.. Sayang fasilitas kamar mandi kotor dan kadang tidak ada air.;Negatif
Haris Santoso;4 tahun lalu;Pantai ini menawarkan keindahan pasir Putih yang dipadukan dengan sejuknya Hutan Cemara Udang (Casuarina Trees)...  Serta garis pantai yang panjang dan ombak yg cenderung kecil dan pantai yg tidak berkarang sehingga akan amat sangat …;Positif
Hiza Ra;4 tahun lalu;nama nya pantai ya pantai, maw di review kayak gimana lagi? :v;Netral
Ulinuha Arsyilla;4 tahun lalu;Lumayan buat liburan,,,;Netral
Arya Muhammad SA;4 tahun lalu;Pantai lombang sumenep yg indah..;Positif
WAWAN PUJI LESTARI;4 tahun lalu;Tempat liburan yg asri dan indah...  Kapan ya ke sini lagi...;Positif
verinda alviani;4 tahun lalu;Momentnya cantik banget sore sore kesini;Positif
Miftah Arifin;4 tahun lalu;Tempat wisata yang paling cocok buat wisatawan lokal maupun mancanegara;Netral
aji_mansur_santoso;4 tahun lalu;Tempatnya Indah, Bagus, dan ramai pengunjung..  The best.. ?? …;Positif
??????? ????????;4 tahun lalu;Pantai dengan Pasir Putih yg Banyak Ditumbuhi Pohon Cemara Udang Disekelilingnya,, Oke..;Netral
Masdawi;4 tahun lalu;Wisata pantai lombangv;Netral
hadi siswoyo;4 tahun lalu;Kurang nyaman karena kebersihan kurang dijaga, banyak sampah² yang berserakan terutama sampah plastik ?????? …;Negatif
Nor Azizah;4 tahun lalu;Jauh sih dari kota, tapi tempat ini bagus buat liat sunset. Pasirnya bagus dan cocok buat wisata keluarga;Positif
Yudi Sunyoto;4 tahun lalu;Coba di tambah tempat penginapan pengunjung luar kota mala lebih asik;Netral
Adie Channel;4 tahun lalu;"Pemandangan dengan pohon cemara di tambah lagi pasir putih yg indah, bikin betah berlibur di pantai lombang,
Tapi sayang masi harus pakek karcis masuk oan wisata alam";Positif
Ferdi Kurniawan;4 tahun lalu;Pasir pantai putih bersih dan luas sekali;Netral
Vandita B. Aliffangga;4 tahun lalu;Tempat wisata yang lumayanlah di daerah sumenep bagian utara;Netral
Daily Santuy;4 tahun lalu;Baik untuk lokasi wisata, tapi masih banyak sampah yg berserakan;Negatif
RIZQI AFSOH;4 tahun lalu;Pantainya bersih dan panjang...murah...;Positif
Rudy Wahyudi;4 tahun lalu;Pantainya Indah, setahun lalu pernah kesana toiletnya kotor dan masih susah air;Positif
Moh Atwi;4 tahun lalu;Acuan PEMKAB SUMENEP sbgi sarana/tempat WISATA yg pnuh dgn pohon CEMARA UDANG;Netral
Achmad syawal Akbari;4 tahun lalu;Percuma fotonya bagus² tapi kalo terlihat ada sampahnya jadi jelek.. ?? …;Positif
ach choirul;4 tahun lalu;Jalan menuju Pantai sudah bagus dari kota Sumenep, hanya jalan akses masuk rusak parah, banyak ranting pohon Cemara udang yang tidak dipangkas sehingga jika bawa bus besar harus ekstra hati-hati. Kamar mandi perlu di tambah, musholla harus di perlebar, wahana permainan anak di tambah dan ramah lingkungan.;Positif
Bekti As;4 tahun lalu;Pemandangan nan elok, cuma toiletnya kurang mendukung;Netral
Mingat Innocent;4 tahun lalu;"Pantainya bagus...
Bersih dan masih sepi. Jaraknya cukup jauh dari kota Sumenep. Ada di ujung Timur laut pulau Madura. Ombaknya tidak terlalu besar dan pemandangannya Indah. Ada …";Positif
arif alam;4 tahun lalu;Pantai yang indah dan bersih dengan phon cemara udang;Positif
rokhim wahyudi;4 tahun lalu;Mantul cuy...??, tapi jalan masuk dari gerbang tiket ke pantai kenpa ngga di aspal ya? …;Netral
Erik Kurniawan;4 tahun lalu;Hamparan pasir putih yg sangat luas,,disertai dgn pohon cemara udang.,sangat indahh..cocok buat bersantai.;Positif
made seputradana;4 tahun lalu;"Tepi pantai full cemara udang, adeem...
Pantai bersih dengan pasir berwarna coklat muda...";Netral
Richie Verdiana;4 tahun lalu;"Ke madura gak lengkap rasanya klo belum main ke pantainya yg satu ini.pasir putihnya dan disepanjng pantai bnyak pohon cemara yg rindang dan sejuk.pokoknya gak bakalan  nyesel dtang jauh"" trs main ke pantai lombang ini.";Netral
Matt Halil;4 tahun lalu;Pantai yang indah dan sejuk. Banyak pohon cemara udang.;Positif
Putri Andani;4 tahun lalu;Bagus sekali;Positif
Arif Rahman Halim;4 tahun lalu;Pantai dengan ciri khas cemara udang yang dulunya cuma ada 2 di dunia (setelah china). Kini harus tergerus pengembangan tempat wisata di daerah lain wkwk. Overall pantainya bagus, rindang. But, tidak terawaartt! Bangku atau tempat duduk …;Positif
Ntry Vita;4 tahun lalu;Pertahankan ke ramahan disana, yg menjaga tempat dan penjual ?????? …;Netral
Wahid Halilovic;4 tahun lalu;Salah satu tempat wisata yang harus dijaga dan dirawat;Netral
Dwi Gilang Santoso;4 tahun lalu;Biaya tiket yang murah, sudah banyak yang berdagang disana jadi lebih mudah jika lapar atau haus tetapi tidak membawa bekal. Tapi kebersihan yang kurang dijaga, masih ada bungkus makanan ringan yang berserakan di sekitar pantai. Pantai juga dekat dengan parkiran, sehingga tidak capek berjalan dari parkiran ke pantai.;Positif
nazifa salza;4 tahun lalu;Tempat sampah kurang memadahi untuk menjaga kebersihan;Negatif
tianka_flo;4 tahun lalu;Selalu menjadi destinasi fav.keluarga setiap tahunnya .. ?????? …;Netral
Banjol Jool;4 tahun lalu;Tempatnya bersih, dan pemandangannya bagus;Positif
maulidatul kamilah;4 tahun lalu;Pemandangannya sangat bagus cocok untuk liburan bersama keluarga atau teman2;Positif
Mochamad Farid Ubaidillah;4 tahun lalu;Keren tempatnya...pantainya luas;Positif
AgungBN Chanel;4 tahun lalu;Pantainya datar sehingga air tdk dalam. Toilet dan kmr mandi tersedia cukup. Airnya tawar. Minum yg favorit kelapa muda. Ada yg biasa, obat atau kopyor. T4 parkir teduh. Tiket masuk 5000. Parkir minibus 5000;Netral
Pak RW;4 tahun lalu;Pantai lombang sumenep madura.. pasir putih dan sangat lembut..;Netral
Tutik Subahanawati;4 tahun lalu;Pantai bagus, tempat untuk istirahat nyaman dan bersih;Positif
Aziz Faris Febrian;4 tahun lalu;Bagus pantainya ada sewa kuda juga tapi sayang sewa kudanya mahal sekali;Positif
radenrandyjun;4 tahun lalu;Wisata akan yg menenangkan;Netral
irvan kevin;4 tahun lalu;Bagus. Indah. Khusus weekend banyak pedagangnya;Positif
Yushela Sarah;4 tahun lalu;bersih pantainya, kl weekdays sepi, mungkin ramenya kl weekend;Netral
Bobby Kyacheo;4 tahun lalu;Pantainya luas banget, datar, seru;Netral
Rynita Devi;4 tahun lalu;Pemandangan pantai ny sangat bagus n indah, banyak pohon cemara udang,, asri n bersih pantai ny,,,;Positif
cha cha 01;4 tahun lalu;Apakah km pernah ke lombang dan disitu fafotit aku makan dan main  tapi waspada bayak hantu  di situ;Netral
gita anggraini;4 tahun lalu;garis pantainya panjang, pasir putih dan pantai yg landai;Netral
Najmuddin Nurrizal;4 tahun lalu;menyenangkan;Netral
CHENEL HIBURAN;4 tahun lalu;PANTAI yg menyenangkan bagus dn indah;Positif
Supri Yadi;4 tahun lalu;Tempatnya indah dg pohon cemaranya;Positif
3 Wdd;4 tahun lalu;Pantai pasir putih d ujung pulau Madura, tepatnya d ujung sumenep;Netral
Caution Imel;4 tahun lalu;Asikin aja;Netral
damar extreme;4 tahun lalu;Pasirnya putih,airnya biru pokoknya bagus deh;Positif
Iffah Asith;4 tahun lalu;Pengen ajak anak2 ke sini lagi, adakan lomba lagi;Netral
NF2 GAMING;4 tahun lalu;Pantainya bagus banget;Positif
Akbar Khenzo;4 tahun lalu;Bagus pantainya;Positif
Matt JaaRy;4 tahun lalu;Bersih pantainya...;Netral
Abror Riski Arif Budiman;4 tahun lalu;Laut yg masih bersih dan pasir yg indah;Positif
Zuliatus Sholikhah;4 tahun lalu;Tempat yg buat relaksasi;Netral
I One;4 tahun lalu;Wihhh pantainya sangat indahh n bertebaran cemara udang ..persis d negri dongeng....;Positif
Rahmat Dandi;4 tahun lalu;Luar biasa;Netral
Robert Candra Taruna;4 tahun lalu;Pantai Bagus dan Asri tidak kalah dengan Kuta Bali;Positif
arif febry;4 tahun lalu;pengelolaan kurang cenderung tidak terawat;Netral
SAE MHD;4 tahun lalu;pasir putih yang di pagari oleh pohon cemara sangat sejuk;Netral
Jimy Lirrizal;4 tahun lalu;Segi pantainya Bagus;Positif
irham fauzan;4 tahun lalu;Recommended untuk rekreasi pantai;Netral
moh yamin;4 tahun lalu;Sangat bersih pantainya;Netral
Travel SATRIA TAMA SATRIA TAMA;4 tahun lalu;Rental mobil murah Surabaya  15 menit dari bandara juanda;Positif
ali maksum;4 tahun lalu;Fasilitas toilet dr pemerintah tersedia, namun tidak bisa digunakan.;Netral
Bagus jaye;4 tahun lalu;Adem ayem n tentram;Netral
pristiwanto Agus;4 tahun lalu;Oleh2 khas pantai lombang bonsai cemara udang;Netral
Lina Dhani;4 tahun lalu;Tempatnya bersih;Netral
Hasan Basri;4 tahun lalu;Dikelilingi dengan pohon cemara dan berjejer bonsai cemara;Netral
Uzh Madury;4 tahun lalu;Cemaranya yg bikin sangat istimewa;Netral
Rizky Utama;4 tahun lalu;Bagus aku suka banget;Positif
Ataraxia;4 tahun lalu;Masuk nya murah pemandangannya juga bagus;Positif
Yandi Yanto;4 tahun lalu;Indah ???? …;Positif
Ayah;4 tahun lalu;Surga pencinta bonsai Cemara udang.;Netral
Ferry Awiie;4 tahun lalu;pantai Kuta nya madura;Netral
Irwansyah Syah;4 tahun lalu;Mantab;Netral
sayyidah fitra;4 tahun lalu;Bisa menunggangi kuda di tepi pantai;Netral
Halifi;4 tahun lalu;Pantai yg sejuk dengan hutan cemara udang;Netral
Sulis Tiyana;4 tahun lalu;???? …;Netral
Aklis Samsul Anam;4 tahun lalu;Indahnya luar biasa;Positif
muhammad annas;4 tahun lalu;Akses jalan jelek;Negatif
aida femnin;4 tahun lalu;Mohon gazebonya untuk diperbanyak;Netral
halim perdana wijaya;4 tahun lalu;Tempat wisata;Netral
Aris Sandi;4 tahun lalu;Sangat menyenangkan;Netral
Muchammad Thoyib As;4 tahun lalu;Anginnya kurang wkwk;Netral
abd rahman;4 tahun lalu;Pantai sembilan mantep;Netral
Maghfirani Nafila Laily;4 tahun lalu;Bagus dan lumayan bersih;Positif
Xiaomi Bodong;4 tahun lalu;Cocok buat ngilangin stress;Netral
Syarif Hidayatullah;4 tahun lalu;Semakin bagus.;Positif
RUSDI SAIFUL ANWAR;4 tahun lalu;Hiasan cemaranya membuat pantai ini is the best;Netral
badron took;4 tahun lalu;"Reuni SMP Wachid Hasyim 6  Surabaya.
Tahun 1987.
Silahturrohmi tetep terjalin  sampai akhir hayat
31 Maret 2019";Netral
Yunifan Amsyalis;4 tahun lalu;Sangat cocok untuk keluarga...;Netral
DEDY ACHYAR HIDAYAT;4 tahun lalu;Ini;Netral
Hilman Ari;4 tahun lalu;Indah sekali;Positif
Hariyono Iyon;4 tahun lalu;Sangat bagus;Positif
Yuny Bawellz96;4 tahun lalu;Banyak pohon cemaranya;Netral
Itok Ridwan;4 tahun lalu;Pesona pantai;Netral
Ekris Alelang;4 tahun lalu;Pantai yang keren;Positif
Rahem Achmad;4 tahun lalu;Bagus tapi kurang promosi;Positif
GP GNK CUP 2020;4 tahun lalu;Gak ada permainannya;Netral
Eliana tristianti;4 tahun lalu;Indah bgt love;Positif
Didik Riyadi;4 tahun lalu;Mantap bener;Netral
Ken Sae;4 tahun lalu;Tempat refreshing;Netral
rosi nizza;4 tahun lalu;Kurang Bagus;Positif
Afif Bhayangkara;4 tahun lalu;Tempatnya enak dan sejuk;Netral
Yoda Halim;4 tahun lalu;Mantap;Netral
Zakki Qiyu99;4 tahun lalu;Supeer mantap;Netral
MOHAMMAD ABDUR ROHIM;4 tahun lalu;Keren sangat;Positif
Yunis Sulis;4 tahun lalu;Pantainya cantik...;Positif
Fatah Hillah;4 tahun lalu;Lingkungan yang masih asri;Netral
Abah Cikung cikung;4 tahun lalu;Bersih;Netral
boby lesmana;4 tahun lalu;sangat romantis;Netral
Mas Mansyur;4 tahun lalu;Pantai yang indah;Positif
Bashor ELF Rent Car;4 tahun lalu;Mantul;Netral
Herlina Afifah;4 tahun lalu;Sejuk;Netral
Andi Dhyo;4 tahun lalu;Mantap;Netral
Raqi Zidan;4 tahun lalu;ga nyampek keburu malam;Netral
dani ahmad;4 tahun lalu;Sejuk;Netral
Rodi yanto;4 tahun lalu;Recomended;Netral
Noer Halima;4 tahun lalu;Bagus dan mempesona;Positif
Kandang Malang Pullet;4 tahun lalu;Indah bro;Positif
maskariem 777;4 tahun lalu;Keren....;Positif
Ahmad Sabili Rifai;4 tahun lalu;Timur Madura;Netral
Mohammad Suli;4 tahun lalu;Cukup indah;Positif
AsSyaiful al gaff;4 tahun lalu;indah;Positif
OKTAVIAN ISMAIL JOHANSYAH;4 tahun lalu;Lumayan;Netral
NASIR PUTRA KADES;4 tahun lalu;Keren;Positif
Roby Guard;4 tahun lalu;Bagus;Positif
Jatim Aktual TV;4 tahun lalu;Bagus;Positif
Dwi Astuti Wahyu Nurhayati;4 tahun lalu;Bagus;Positif
Little Of Ulfi;4 tahun lalu;Mantap;Netral
nadifa baitis;4 tahun lalu;Apik;Netral
Abi Asro;4 tahun lalu;Lumayan;Netral
AzeanEl Faqir;4 tahun lalu;Seru;Netral
M. Sidik;4 tahun lalu;Lumayan;Netral
syarief hidayatulloh;4 tahun lalu;Mantap;Netral
Entry Point ID;4 tahun lalu;Oke;Netral
Ferdi Hariyanto;4 tahun lalu;bagus;Positif
yohan waskito;4 tahun lalu;Pasir putih lembut dengan pepohonan yang indah;Positif
rindang prima;4 tahun lalu;Liburan Terbaik yang Dapat Dimiliki Siapa Pun;Netral
hermansyah hidayat;4 tahun lalu;pantai yang sangat indah dengan rimbunnya pohon pinus.;Positif
yesi yusnia;4 tahun lalu;Salah satu pantai yang indah di Sumenep, jadi harus ke sana guyss ??;Positif
Nur Kholis Mansur;4 tahun lalu;Pantai Lombang merupakan salah satu pantai yang terletak di kabupaten Sumenep, Madura. Pantai ini tepatnya terletak di sebelah timur Sumenep, sekitar 25km dari kota Sumenep tepatnya di Kecamatan Batang-Batang. …;Netral
Firdausiy;4 tahun lalu;Tempat yang bagus untuk bersenang-senang bersama keluarga kami, bersiap untuk ?? berkuda …;Positif
Eko Purwanto;4 tahun lalu;Ini luar biasa;Netral
Brilyan Satria;4 tahun lalu;Pantai bagus, terkadang bersih, minuman kelapa murah, tapi sangat ramai saat liburan tiba;Positif
Adinda Salsabilla;4 tahun lalu;tempatnya enak, suasananya nyaman dan cocok untuk piknik keluarga;Netral
Hery Sulistiono;4 tahun lalu;Pantai yang bagus, tidak ada penjaga pantai, butuh akomodasi yang lebih baik.;Positif
Warung Bang Ali Action;4 tahun lalu;Pantai yang bagus ?? dengan sedikit kesenangan …;Positif
Dwi Asih;4 tahun lalu;mantaaaaap betuuuuuul;Netral
Nanang Prayudhy;4 tahun lalu;Apakah tempat terbaik;Netral
Dean Prapanca;4 tahun lalu;"Pantai yang bagus
Suasana yang bagus
Cuaca baik …";Positif
Sycma Al-Madhuri;4 tahun lalu;Tempatnya sangat menakjubkan....;Netral
oded jaed;4 tahun lalu;Pantainya keren;Positif
Kiky Noufall;4 tahun lalu;Sangat keren;Positif
Aldi Darmawan;4 tahun lalu;Sangat keren;Positif
andri rosey;4 tahun lalu;Tempat yang indah;Positif
Nia Kurniadi;4 tahun lalu;Bagus;Positif
Arif Budiono;4 tahun lalu;Pasir halus dan pantai landai panjang;Netral
Dimas si bolang 097;4 tahun lalu;Kebun Area, Lombang, Batang Batang, Kabupaten Sumenep, Jawa Timur 69473;Netral
Dedy Kadiriyanto;4 tahun lalu;Luar biasa....;Netral
bayu perdana;4 tahun lalu;Bukan untuk berkerumun..;Netral
Manstein V;4 tahun lalu;Bersih, memuaskan;Netral
Zainuddin Muhammad;4 tahun lalu;Semoga beruntung;Netral
Adib Pugar Nuraga;4 tahun lalu;Mntai;Netral
Sony Hadi;4 tahun lalu;jika;Netral
Rudi Al Ardi;4 tahun lalu;Tidak perlu dipertanyakan lagi;Netral
Kamil Lesmana;4 tahun lalu;Indaaaahh;Netral
Story Bola;4 tahun lalu;Kerrend;Netral
Tania Resto;4 tahun lalu;Bagus;Positif
PAPA ARDY;4 tahun lalu;Bagus;Positif
Dwiki Ifan Novianto;4 tahun lalu;Bagus;Positif
Wulandari Winduri;4 tahun lalu;Bagus;Positif
Cong Mufid;4 tahun lalu;Direkomendasikan;Netral
Gideon More;4 tahun lalu;Keluarga;Netral
Muhammad Rahmad Wahyudi;4 bulan lalu;"Datang di hari senin pagi jam 7, alhamdulillah suasana masih sepi.
Biaya masuk per orang 5 ribu dan parkir mobil 10 ribu.
Pantainya cukup luas dan panjang, pasir putihnya juga bersih. …";Netral
Tribudi Yulianto;4 bulan lalu;Istimewa;Netral
Heni Rahmawati;3 tahun lalu;Cocok buat liburan keluarga, murah meriah...suasana yang tenang dan indah...ada pohon Cemara membuat sejuk dimata;Positif
LaLehCrochet by Novelia;3 tahun lalu;Pantainya indah, namun ada beberapa catatan yang semoga bisa membuat management pantai ini menjadi lebih baik: …;Positif
Rahma Aisyah;3 tahun lalu;Lombang merupakan salah satu tourist attraction yang terkenal di sumenep. Standar pantai pada umumnya, ada beberapa gazebo atau tempat duduk untuk pengunjung. Lumayan banyak pilihan makanan juga. Ada juga penjual baju utk anak shg tidak …;Netral
Ros Sita;3 tahun lalu;Kesini pas masih pagi banget... warung warung belom pada buka... menyenangkan sekali karna pantai nya masih sepi berasa private beach...;Netral
Fani F;3 tahun lalu;pantainya bersih dengan ombak cenderung tenang. disarankan untuk datang saat low season untuk menghindari kepadatan pengunjung. di sini banyak pohon cemara dan bisa sewa kuda juga untuk jalan jalan di pinggir pantai. ada kedai-kedai penjual …;Netral
kadal pang;3 tahun lalu;tempat yang nyaman untuk melepas lelah ,dan liburan bersama keluarga.;Netral
El_ Muhammed;3 tahun lalu;Airnya bersih bgt... Tp sayang di pasirnya masih ad beberapa sampah;Negatif
Miyha Mehndi Art (Miyha);3 tahun lalu;Suka banget dgn panorama pantainya fasiltas lengkap...nyaman exotis;Netral
X-fach;3 tahun lalu;"Jam 5 masih sepiii..... Liat sunrise Subhanallah.... Luar biasa kereeennn... Pantainya luas, cocok buat anak2.
Mohon untuk pengunjung JANGAN BUANG SAMPAH SEMBARANG!!!! Mari kita jaga pantai ini agar selalu bersih dan rapi. ??? …";Negatif
Farid Aulia Rahman;3 tahun lalu;pantainya enak untuk dikunjungi;Netral
Silvy Millata Shalliana;3 tahun lalu;Pantai yang banyak cemara udangnya. Kita bisa bermain air dan naik kuda di sana.;Netral
Feri Ardiansyah;3 tahun lalu;Keren. Tapi, sayang masih banyak sampah di bibir pantai. Semoga ditangai lebih baik;Positif
Ong Fastiasu;3 tahun lalu;Salah satu pantai keren di sumenep madura, pantai lombang identik dengan ribuan hamparan cemara udang dipinggir pantai sekaligus sebagai tempat pengunjung berteduh dan tak kalah indahnya dengan pasir putihnya yang sangat halus juga dengan pantai sangat rekomended untuk mandi karena ombak dan gelombang yang cukup tenang.;Positif
Ahsan Bangkalan;3 tahun lalu;"Pantai Cemara udang yang indah dan nyaman.
Menyusuri pantai dengan naik Kuda dan air degan hijau penghapus dahaga.";Positif
liza supri;3 tahun lalu;Tempatnya bagus banget?????? …;Positif
Duky Ami;3 tahun lalu;Pemandangan pantai yang mempesona dengan hiasan pohon Cemara di sepanjang bibir pantainya;Netral
DAT.;3 tahun lalu;Mantap Suananya;Netral
Muhammad Zainal Muttaqin;3 tahun lalu;Bersih, suasana juga tenang. Biasanya suka ada event;Netral
firman firzali;3 tahun lalu;banyak orang main bola kalau sore d pantai ini;Netral
Taufik Hidayat;3 tahun lalu;Pantai dengan pohon cemara udangnya ?? …;Netral
Ira Kusdiana Sari;3 tahun lalu;Tetap cantik walaupun cuacanya kurang mendukung :);Positif
Taufikur Rahman;3 tahun lalu;Suasana tenang, murah, pasirnya bagus buat relaksasi, di bibir pantai hanya ada pohon cemara udang indaah sekali, mobil, bus mini, bus besar masuk parkir sampai ke pantai, tiket 5rb hari biasa, kalau liburan naik 10rb sd 15rb;Positif
Love you all;3 tahun lalu;Tempat yang aman dan nyaman untuk digunakan kemah satu pleton, airnya yang jernih, serta warga yang ramah;Netral
Jonea Maska;3 tahun lalu;Pantai yang sangat indah..  Pasir putih membentang panjang di pagar pohonw cemara..  Dan pantai yg alami,,  top..  Pantainya bersih...  Pokok nya cantik banget;Positif
Marina Joewono;3 tahun lalu;"Pantainya luas dan panjaaang
Dan nyaman landai ombak pun tdk tinggi bisa banget berenang buat bocah jg nyaman krn landai makanan relatif murah
Cuma toilet yg kudu di upgrade";Positif
Erika Oktaviani;3 tahun lalu;Wlo pasirnya gk putih tpi coklat, tpi lembut, dn gk kwartir jk jatuh, pantainya panjang terhampar dg ombak yg gk tetrllu besar dg pemandangan Cemara udang yg eksotis;Netral
Marmut Amp;3 tahun lalu;Tempatnya sangat bagus apalagi sore hari;Positif
Shinta Ayu;3 tahun lalu;Saran saya, tempat spot foto2 bisa ditingkatkan lagii, dan fasilitas lain nya jugaa;Netral
Cust Aziz;3 tahun lalu;Pantai yang enak buat kita berlibur bersama keluarga..hamparan pasirnya luas banget;Netral
Iman Nugroho;3 tahun lalu;Pantainya bagus, gugusannya landai fasilitas juga sdh memadai minesnya hanya pengelolaannya yg blm maksimal.;Positif
Shaqira Alzhaina;3 tahun lalu;Saya dekat di sana tambak udang Pt.DSN;Netral
Aufaa Rizki;3 tahun lalu;Pantai lombang sangat menarik dan patut untuk di kunjungi;Netral
Surip Pirus;3 tahun lalu;Pantai Lombang begitu teduh dengan pohon cemara. Dijamin pasti betah berlama-lama di pantai ini.;Netral
Ali Faturohman;3 tahun lalu;Pantainya sanggat indah ... anginya... bikin sejuk banyak pohon cemaranyaa  .;Positif
Firdaus Hendrawan syah;3 tahun lalu;Indah namanya elok tempatnya masih ada harapan untuk menginjakkan bersama keluarga kecil ku kelak?? …;Positif
Diandra Teyeng;3 tahun lalu;"Tempatnya bagus masih bersih juga pasirnya putih ada juga penyewaan kuda.
Untuk tiket masuk ke pantai 5.000";Positif
Faiqur Rahman;3 tahun lalu;Tempat yang sangat bagus dan indah di pandang;Positif
rome thuck;3 tahun lalu;pantai supermantap, di tingkatkan lagi untuk wash and clean;Netral
Syaifur R;3 tahun lalu;Kebersihannya sekarang mulai menurun, kurang terawat juga.;Netral
papuma shop;3 tahun lalu;Pantai lombang merupakan pantai yang sangat indah dan memiliki bibir pantai yang panjang serta suasana alam yang enak.;Positif
Pipid;3 tahun lalu;Tidak seberapa nyaman untuk menikmati udara, sepi penjual. Tapi tetap indah;Positif
Faiz Camello;3 tahun lalu;pantainya itu asik dan refreshing ke tubuh tapi tolong di bersiin itu pinggir pantainya OK;Netral
TAUFIQURRAHMAN;3 tahun lalu;Sudah 2x kepantai ini tapi ditutup tanpa pemberian informasi publik, saya jauh-jauh dari pamekasan. tolong buatkan website resmi supaya kita bisa mengetahui info-info terbarunya;Netral
Zaka Achmad;3 tahun lalu;pulangnya magrip gelap sekali kurang penerangan mohon diperhatikan;Netral
Bowo Sorela;3 tahun lalu;Pantai yg panjang,pasir lembut, cemara udang bikin teduh,ombak kecil;Netral
Holiz Vandores;3 tahun lalu;Karna pasirnya putih n terjaga keaslian pantainya;Netral
Zacky Albathin;3 tahun lalu;???????????????? ?????????? ????????????, ?????????????????? ?????????? ???????????? …;Netral
Budi San;3 tahun lalu;Pasir putih seperti dikuta bali hanya sayang kurang fasilitas. Bgs lombanng drpd kuta bali;Netral
M. RIZAL SYARIEF;3 tahun lalu;SUPER MANTAP;Netral
Kho-khoi Sholeh;3 tahun lalu;Pantai yg bersih dan bagus;Positif
dewi puji astuti;3 tahun lalu;Fasilitasnya sudah mulai banyak dan bagus;Positif
warsito warsito;3 tahun lalu;Tempat dengan potensi alam luar biasa, tapi itu sekitar  satu tahun yg lalu. 24 november 2019 kesini lagi, sudah mulai terganggu dengan bau limbah tambak buatan untuk udang. Air bekas tambak di buang ke lokasi wisata. Pemda SUMENEP ABAI DENGAN KONDISI INI. aset wisata terbesarnya DIRUSAK sendiri...PAYAH;Netral
Yetno Hartono;3 tahun lalu;Bagus banget pemandangannya;Positif
Yesi Dian Prisilia;3 tahun lalu;tempat ini unik dan indah. penghilang kepenatan kota;Positif
arsodi abi;3 tahun lalu;Banyak Peningkatan.. Hanya aroma tidak sedap dari kencing Kuda yg mengganggu ke asyikan;Netral
anth xine;3 tahun lalu;Cukup bagus pantainya;Positif
agustnp _;3 tahun lalu;Syukaa bgt?? …;Netral
GinX;3 tahun lalu;Bagus buat rekreasi;Positif
roby sakti;3 tahun lalu;Pantai yang selalu indah dan menjadi ikon wisata ujung timur pulau Madura;Positif
Dzikryahmad Alfatih;3 tahun lalu;Pasir putihnya bagus dan masyarakat skitar ramah;Positif
Amrosi Teroris;3 tahun lalu;Tempat wisatanya bagus untuk daerah kabupaten Sumenep....;Positif
dwi sari yulianti putri;3 tahun lalu;Tempatnya kotor kurang bersih;Negatif
Arif C. Permana;3 tahun lalu;Pntai yg sangat indah di p.madura;Positif
Dewi Purnamasari;3 tahun lalu;Tempatnya bagus, pemandangannya cantik banget;Positif
IRMA RACHIM;3 tahun lalu;Tempat yg indah;Positif
Imam Rusdi;3 tahun lalu;Indah pantainya;Positif
ridho setiawan;3 tahun lalu;Bagus, lumayan foto matahari terbit;Positif
Ach. Zulfi Zibyan;3 tahun lalu;Tempatku mengenang mantan;Netral
Nabila_ P;3 tahun lalu;Kapan kita bisa kesana lagi;Netral
Heri Yanto;3 tahun lalu;Pantai dgn pohon cemara;Netral
San Muhammad (Sanief);3 tahun lalu;Fasilitasnya tambah baik dari sebelumnya,,;Netral
Ahmad Krisdayanto;3 tahun lalu;Mntap sekali...;Netral
Ramli Roly;3 tahun lalu;Sejuk;Netral
Dewi Pipit;3 tahun lalu;Banyak pohon cemaranya, rindang;Netral
Syaiful hadi ikan koi dan atribut sekolah;3 tahun lalu;Kira2 mini bus bisa masuk g;Netral
Ikbal Rohman;3 tahun lalu;Karna termakuk sala satu pantai faforit;Netral
Alifudin Muhammad Ashari, SH;3 tahun lalu;Masih ditutup bro;Netral
Dodik irawan;3 tahun lalu;"Pengen kesana lagi kapan""";Netral
rayakanharimu official;3 tahun lalu;Bagus juga pasirnya lembut;Positif
Syamsu Niam;3 tahun lalu;Indah;Positif
Ismed Siradj;3 tahun lalu;Top deh;Netral
Taufan Efendi;3 tahun lalu;Bagus & nyaman;Positif
hasiri yanto;3 tahun lalu;Indah dan hijau;Positif
WAHDY MALOLO;3 tahun lalu;happy sekali;Netral
imam nuraiman;3 tahun lalu;Sejuk;Netral
Andi Kuadrat;3 tahun lalu;Kereeeeeeeen pasirnya;Netral
Mukhammad Khoiron;3 tahun lalu;Pasirnya bersih..;Netral
Suro Patria;3 tahun lalu;Mantab;Netral
Bagus Aji;3 tahun lalu;Pantai pasir putih madura;Netral
Monalisa Yuliansyah L;3 tahun lalu;Indah;Positif
ABABIL YOUTUBE;3 tahun lalu;Bagus;Positif
Khoir JCC;3 tahun lalu;Bagus;Positif
Vivaldi Setyo budi;3 tahun lalu;Teduh;Netral
Petrus Sugiono Sugito;3 tahun lalu;Cantik;Positif
Andri Yuanvalin;3 tahun lalu;Yang;Netral
Ahmad Bayhagi 1611;3 tahun lalu;mantap;Netral
Budi Suwarno;3 tahun lalu;Lumayan;Netral
Edwien Hardiyan;3 tahun lalu;Puas;Netral
Zherdan;3 tahun lalu;Lebar;Netral
Hadi Mauludi99;3 tahun lalu;Istimewa;Netral
Affan Azzam;3 tahun lalu;mantap;Netral
Faishol Arief;3 tahun lalu;Bagus;Positif
Shallbuth Garenkk;3 tahun lalu;Suasana santai;Netral
Retno Wahyuningtyas;3 tahun lalu;Tempat yang indah. Bersih dan dikelola dengan baik.;Positif
Yayuk Smala;3 tahun lalu;Menghabiskan waktu luang di Pantai Lombang;Netral
Aliffatul Nur Roshita;3 tahun lalu;Tempat yang bagus, dingin namun indah. Pasirnya bersih. Benar-benar merasakan laut lepas;Positif
M?rfelos;3 tahun lalu;Phuh...ampon kobessa lachu tak lakala ka pantai kute;Netral
RANTAU ESTAFET;3 tahun lalu;Ini baik;Netral
Pontjo Tjahjo M.;3 tahun lalu;Bersih... dan.... tidak terlalu ramai....;Netral
Bonek “Son of David” Lay;3 tahun lalu;Pantai yang bagus di Pulau Madura;Positif
Alexis Syailendra;3 tahun lalu;Pasir putih panjang dan banyak pohon;Netral
yoga cahyo;3 tahun lalu;Ya ampun;Netral
rarha Purnama;3 tahun lalu;Anda seorang pengacau;Netral
Andika Piis;3 tahun lalu;alami;Netral
Abek Alwi;3 tahun lalu;Itu keren;Positif
wenda prayogi;3 tahun lalu;Itu keren;Positif
Andri Nugro;3 tahun lalu;Bagus;Positif
Ahmad Mahrus;3 tahun lalu;Oke;Netral
Ibu Nana;3 tahun lalu;Tempat yang indah;Positif
050_Nifi Maulidya;3 bulan lalu;lokasinya bagus, pantainya luassss jadi banyak spot lalu khas disini pohon cemaraa yang buanyaakkkkkkkk sehingga rindang. Disini juga disediakan kamar mandi yang bisa dikatakan cukup bersih, kantin dengan harga terjangkau, tempat bermain …;Positif
Dewi ALmadinah;3 bulan lalu;"sangat bagus, cuma lebih ditingkatkan lagi kebersihannya..
orng disnaa ramah²,penjual mkananya,penyewaan kuda jg ramah² banget, sejuk banget dipantai lombang. samapi ketiduran hehehe";Positif
Lu'lu'a;3 bulan lalu;Aslinya bintang 3, kasih bonus 1 lagi Karna ada kenangan tak terlupakan di ini. Tiket masuk 5K per orang, parkir mobil di dalam. Naik kuda 20 per orang tapi kalau naiknya 2 orang sekaligus jadi 30. Sebenarnya banyak tempat duduk gazebo. …;Netral
camet heri;3 bulan lalu;Pernah sekali datang.. sdh lama sekali.. acara lulusan SMA. Ada kengan tertinggal disana?? …;Netral
REVAL M REVAL;3 bulan lalu;Pantai lombang indah kalau sore;Positif
wahyudi 07;3 bulan lalu;Mantap;Netral
Ade Safitri;2 tahun lalu;"Pantainya bagus, ombaknya besar, ada wahana bermain , ada kuda bisa di sewa, banyak pendoponya
Jajanan juga banyak
Tetep jaga kebersihan ya";Positif
Frisca;2 tahun lalu;"Dari kota perjalanan sekitar 1jam an.
Jalan menuju kesana sudah bagus tidak seperti dulu banyak lubang.
Pantai luas, bersih dan banyak fasilitas umum.
Sayang waktu kesana air laut keruh.";Positif
Agung Yuniarto;2 tahun lalu;"Ada hutan cemara udang, bikin sejuk, dan rindang.
Sehingga bisa tidak kepanasan saat matahari terik-teriknya, siang hari. …";Netral
Erfin Zulia;2 tahun lalu;Sebenarnya pantainya bagus, cuma kurang terawat. Dan kurangnya fasilitas umum;Positif
Desi Natalia (Sita);2 tahun lalu;Pantai yg dari dulu sudah ada setelah pantai slopeng pantai yg asri sejuk nyaman hamparan pasir putih yg mempesona dgn suara kicauan burung angin laut yg semilir ombak yg menarik pohon cemara udang yg sangat indah?????? …;Positif
Mega Puspita;2 tahun lalu;Puas banget main di pantai lombang. Pasirnya putih, pemandangannya bagus. Gak kalah sm di bali, makanannya murah dan enak juga. Tempatnya agak kotor sedikit tp masih wajar, mgkn krn masih agak sepi. Yg penting kamar mandinya udh ada yg bersih dan gak bau. Jd klo mw bilas tetap nyaman. Sayang di kamar mandinya tidak ada lampunya.;Positif
Khanun Ummah;2 tahun lalu;Kondisi pantai lumayan bersih, banyak tempat untuk bersantai, namun agak kurang terawat. Terdapat sedikit area bermain anak, terdapat banyak penjual makanan dengan harga yang terjangkau. Saya saranka untuk mencoba rujak disana, karwna …;Netral
HARYADI KURNIAWAN;2 tahun lalu;Pantai yang sangat bagus dan rindang. Dengan cemara udang yang khas. Bak pantai di Yogyakarta. Ini destinasi wisata yang bagus di madura. Belum ada pantai di madura yg seperti pantai lombang. Besar harapan saya pemkab mengelola dengan baik …;Positif
Dila Achmad;2 tahun lalu;Pantainya cukup bersih dan pasirnya cukup lembut tuk bejemur badan;Netral
Mengejar Matahari;2 tahun lalu;Jauh jauh ke pantai Lombang,ternyata tutup ??????, haduch eman banget …;Netral
achmad edy;2 tahun lalu;Jalan masuknya tolong di perbaiki ya,,dan tempat toiletnya agak sulit cari toilet disini pas sore hari terutama;Netral
AHMAD KHANDIK;2 tahun lalu;Tempat yang cocok untuk liburan bersama keluarga.;Netral
Fitari;2 tahun lalu;Pantai yg sll menawarkan keindahan alami;Positif
Taufan 27;2 tahun lalu;"Lumayan buat istirahat
Pas di sana msh banyak yg di renovasi lagi tempatnya";Netral
Tanti Lestarini;2 tahun lalu;Menuju spot pantai agak lumayan jauh dari gate masuk. Ada beberapa penjual makanan di dalam. Semoga kebersihan lingkungan sekitar pantai bisa tingkatkan lagi supaya makin banyak pengunjung.;Netral
mahalia R;2 tahun lalu;Lebih bersih, ada spot fotonya juga, dan yang paling disuka rindang sih, kl untuk makanan banyak yang jual;Netral
ainur sdrj;2 tahun lalu;Tempat bagus bersih ciri khasnya banyak pohon cemara;Positif
Fitri;2 tahun lalu;Pantainya keren, trus view nya lumayan bagus, tp ombaknya ngerii, jdi jngn terlalu ke tengah?? …;Positif
Ceravina Susanti;2 tahun lalu;Pasirnya halus, cocok bagi pecinta bonsai khusus cemara udang;Netral
DIMAS RIKO;2 tahun lalu;Oemandangannya bagus tapi sayangnya tidak ada tempat oenginapan;Positif
iYoenz Taro;2 tahun lalu;Pantai yang sangat indah dan mempesona..?????? …;Positif
Karina taiga;2 tahun lalu;Sangat bagus sekali pantainya???????? …;Positif
Febbry Thevista013;2 tahun lalu;"Pantai lombang buka apa gak?
Selama hari raya
Mohon infonya";Netral
indah Fatmawati;2 tahun lalu;apakah masih ditutup atau sudah buka yah?;Netral
RISKA MANCUNG;2 tahun lalu;Di kasih pengumuman dong kalau tutup udah jauh2 kecewa;Netral
nasrul irianto Zainuddin;2 tahun lalu;Selama pandemi covid 19 pantai ini ditutup untuk umum;Netral
20-073 Syafiqurrahman;2 tahun lalu;Tempatnya Bagus;Positif
Dewi Ratna;2 tahun lalu;Bagus banget... dingin tempatnya....;Positif
Mufid Rosyadi;2 tahun lalu;Wisata pantai pantura ujung timur madura.;Netral
Farhan Asykuriyadi;2 tahun lalu;Keren banget pantainya ?? …;Positif
Ki Rebo;2 tahun lalu;Pantai sejuk dan nyaman;Netral
Antok Murdiono;2 tahun lalu;Mantab;Netral
Agus Saputra;2 tahun lalu;Info agustus 2021 apakah buka??;Netral
Sholehudin;2 tahun lalu;Apakah Pantai lombang buka ya;Netral
Habibi Moza;2 tahun lalu;Pantai Asri penuh cemara;Netral
Rino Ino;2 tahun lalu;Mantap...;Netral
Khairul Umam;2 tahun lalu;Tempatnya indah nan asri;Positif
Nadyah Triasakti;2 tahun lalu;Toiletny dong ditambahin;Netral
Bukhori channel;2 tahun lalu;Mantap;Netral
Multi Grafika;2 tahun lalu;Kerennnn;Positif
Leman Purba;2 tahun lalu;rame;Netral
Andika BuncAzca;2 tahun lalu;Rindu tempat ini;Netral
Didik Prayitno;2 tahun lalu;Mantap;Netral
rizdhan official video;2 tahun lalu;Rekomendasi;Netral
david budi;2 tahun lalu;Tempatnya keren, lumayan bersih, cocok untuk bersantai di pantai;Positif
Diraf Back;2 tahun lalu;aipz;Netral
Satria Wahyu F. (Satria);2 tahun lalu;Sangat alami;Netral
Akbarz Keisha;2 tahun lalu;Yang terbaik;Netral
lucifer guardian;2 tahun lalu;Sumenep luar biasa;Netral
Abdul Malik;2 tahun lalu;Mahkota;Netral
SIP Soetta;2 minggu lalu;Tak jauh beda dari tahun ketahun keindahannya;Positif
Team Kreatif daoen djeruk;2 bulan lalu;Pantai yg indah, sebenarnya diatas ekspektasi kita juga ....karena pantai disini bersih tidak seberapa ramai, puas menikmati view laut, banyak pohon Cemara buat neduh, aman dong meskipun panas...kalo yang ngebayangin Madura gimana....ini …;Positif
Samsul Huda;11 bulan lalu;Tiket masuk 5K per orang, parkir mobil 10K, Pantai bersih dan luas, weekday lumayan sepi, ada naik kuda, banyak gazebo buat duduk santai;Netral
sri widiyaningsih;10 bulan lalu;Pantainya bagus tapi sayang banyak sampah bekas pampers, plastik dll, akses masuk jg msh jelek kurang tertata. Sayang sekali.;Positif
